,INTERACTION_ID,ENTREZ_GENE_A,ENTREZ_GENE_B,OFFICIAL_SYMBOL_A,OFFICIAL_SYMBOL_B,EXPERIMENTAL_SYSTEM,PUBMED_ID,PUBMED_AUTHOR,THROUGHPUT,QUALIFICATIONS
743483,743483,1069,7508,CETN2,XPC,Co-fractionation,22939629,Havugimana PC (2012),High Throughput,Denoised score >= 0.75
749093,749093,4204,7508,MECP2,XPC,Co-fractionation,22939629,Havugimana PC (2012),High Throughput,Denoised score >= 0.75
750213,750213,55135,7508,WRAP53,XPC,Co-fractionation,22939629,Havugimana PC (2012),High Throughput,Denoised score >= 0.75
750241,750241,54108,7508,CHRAC1,XPC,Co-fractionation,22939629,Havugimana PC (2012),High Throughput,Denoised score >= 0.75
752766,752766,79670,7508,ZCCHC6,XPC,Co-fractionation,22939629,Havugimana PC (2012),High Throughput,Denoised score >= 0.75
753414,753414,8237,7508,USP11,XPC,Co-fractionation,22939629,Havugimana PC (2012),High Throughput,Denoised score >= 0.75
754330,754330,7155,7508,TOP2B,XPC,Co-fractionation,22939629,Havugimana PC (2012),High Throughput,Denoised score >= 0.75
834321,834321,4086,7508,SMAD1,XPC,Two-hybrid,15231748,Colland F (2004),High Throughput,-
834389,834389,57473,7508,ZNF512B,XPC,Two-hybrid,15231748,Colland F (2004),High Throughput,-
905362,905362,27258,7508,LSM3,XPC,Two-hybrid,15231747,Lehner B (2004),High Throughput,-
948030,948030,7316,7508,UBC,XPC,Affinity Capture-MS,17550899,Bish RA (2007),High Throughput,"#LPPI|Likely protein-protein interaction|bait is an HA-tagged Lys-6-linked polyubiquitin chain, in which all lysine residues except Lys-6 are mutated to arginine"
1177506,1177506,29935,7508,RPA4,XPC,Affinity Capture-MS,26186194,Huttlin EL (2015),High Throughput,"BioPlex 1.0 HEK 293T cells CompPASS score = 0.99980459, threshold = 0.75. Quantitative scores calculated by CompPASS-Plus (Huttlin et al. Cell, 2015, PMID: 26186194).|See BioPlex Interactome for details (https://bioplex.hms.harvard.edu/index.php).|This data has also been reanalyzed as part of BioPlex 2.0 (PMID: 28514442) and BioPlex 3.0 (PMID: 33961781). Only scores from within BioPlex 1.0 (PMID: 26186194) should be compared directly."
1177601,1177601,474343,7508,SPIN2B,XPC,Affinity Capture-MS,26186194,Huttlin EL (2015),High Throughput,"BioPlex 1.0 HEK 293T cells CompPASS score = 0.998476354, threshold = 0.75. Quantitative scores calculated by CompPASS-Plus (Huttlin et al. Cell, 2015, PMID: 26186194).|See BioPlex Interactome for details (https://bioplex.hms.harvard.edu/index.php).|This data has also been reanalyzed as part of BioPlex 2.0 (PMID: 28514442) and BioPlex 3.0 (PMID: 33961781). Only scores from within BioPlex 1.0 (PMID: 26186194) should be compared directly."
1178186,1178186,6118,7508,RPA2,XPC,Affinity Capture-MS,26186194,Huttlin EL (2015),High Throughput,"BioPlex 1.0 HEK 293T cells CompPASS score = 0.999906356, threshold = 0.75. Quantitative scores calculated by CompPASS-Plus (Huttlin et al. Cell, 2015, PMID: 26186194).|See BioPlex Interactome for details (https://bioplex.hms.harvard.edu/index.php).|This data has also been reanalyzed as part of BioPlex 2.0 (PMID: 28514442) and BioPlex 3.0 (PMID: 33961781). Only scores from within BioPlex 1.0 (PMID: 26186194) should be compared directly."
1186975,1186975,81847,7508,RNF146,XPC,Affinity Capture-MS,26186194,Huttlin EL (2015),High Throughput,"BioPlex 1.0 HEK 293T cells CompPASS score = 0.999980421, threshold = 0.75. Quantitative scores calculated by CompPASS-Plus (Huttlin et al. Cell, 2015, PMID: 26186194).|See BioPlex Interactome for details (https://bioplex.hms.harvard.edu/index.php).|This data has also been reanalyzed as part of BioPlex 2.0 (PMID: 28514442) and BioPlex 3.0 (PMID: 33961781). Only scores from within BioPlex 1.0 (PMID: 26186194) should be compared directly."
1187020,1187020,51548,7508,SIRT6,XPC,Affinity Capture-MS,26186194,Huttlin EL (2015),High Throughput,"BioPlex 1.0 HEK 293T cells CompPASS score = 0.980296362, threshold = 0.75. Quantitative scores calculated by CompPASS-Plus (Huttlin et al. Cell, 2015, PMID: 26186194).|See BioPlex Interactome for details (https://bioplex.hms.harvard.edu/index.php).|This data has also been reanalyzed as part of BioPlex 2.0 (PMID: 28514442) and BioPlex 3.0 (PMID: 33961781). Only scores from within BioPlex 1.0 (PMID: 26186194) should be compared directly."
1188353,1188353,5423,7508,POLB,XPC,Affinity Capture-MS,26186194,Huttlin EL (2015),High Throughput,"BioPlex 1.0 HEK 293T cells CompPASS score = 0.999509831, threshold = 0.75. Quantitative scores calculated by CompPASS-Plus (Huttlin et al. Cell, 2015, PMID: 26186194).|See BioPlex Interactome for details (https://bioplex.hms.harvard.edu/index.php).|This data has also been reanalyzed as part of BioPlex 2.0 (PMID: 28514442) and BioPlex 3.0 (PMID: 33961781). Only scores from within BioPlex 1.0 (PMID: 26186194) should be compared directly."
1189658,1189658,1459,7508,CSNK2A2,XPC,Affinity Capture-MS,26186194,Huttlin EL (2015),High Throughput,"BioPlex 1.0 HEK 293T cells CompPASS score = 0.989194131, threshold = 0.75. Quantitative scores calculated by CompPASS-Plus (Huttlin et al. Cell, 2015, PMID: 26186194).|See BioPlex Interactome for details (https://bioplex.hms.harvard.edu/index.php).|This data has also been reanalyzed as part of BioPlex 2.0 (PMID: 28514442) and BioPlex 3.0 (PMID: 33961781). Only scores from within BioPlex 1.0 (PMID: 26186194) should be compared directly."
1196787,1196787,200558,7508,APLF,XPC,Affinity Capture-MS,26186194,Huttlin EL (2015),High Throughput,"BioPlex 1.0 HEK 293T cells CompPASS score = 0.999997924, threshold = 0.75. Quantitative scores calculated by CompPASS-Plus (Huttlin et al. Cell, 2015, PMID: 26186194).|See BioPlex Interactome for details (https://bioplex.hms.harvard.edu/index.php).|This data has also been reanalyzed as part of BioPlex 2.0 (PMID: 28514442) and BioPlex 3.0 (PMID: 33961781). Only scores from within BioPlex 1.0 (PMID: 26186194) should be compared directly."
1197179,1197179,255626,7508,HIST1H2BA,XPC,Affinity Capture-MS,26186194,Huttlin EL (2015),High Throughput,"BioPlex 1.0 HEK 293T cells CompPASS score = 0.999979385, threshold = 0.75. Quantitative scores calculated by CompPASS-Plus (Huttlin et al. Cell, 2015, PMID: 26186194).|See BioPlex Interactome for details (https://bioplex.hms.harvard.edu/index.php).|This data has also been reanalyzed as part of BioPlex 2.0 (PMID: 28514442) and BioPlex 3.0 (PMID: 33961781). Only scores from within BioPlex 1.0 (PMID: 26186194) should be compared directly."
1427504,1427504,8339,7508,HIST1H2BG,XPC,Proximity Label-MS,25281560,Lambert JP (2015),High Throughput,BioID
1427638,1427638,8350,7508,HIST1H3A,XPC,Proximity Label-MS,25281560,Lambert JP (2015),High Throughput,BioID
1433710,1433710,1069,7508,CETN2,XPC,Proximity Label-MS,26638075,Gupta GD (2015),High Throughput,BioID
1448143,1448143,4869,7508,NPM1,XPC,Affinity Capture-MS,26496610,Hein MY (2015),High Throughput,interaction detected by quantitative BAC-GFP interactomics (QUBIC)
1448144,1448144,9694,7508,EMC2,XPC,Affinity Capture-MS,26496610,Hein MY (2015),High Throughput,interaction detected by quantitative BAC-GFP interactomics (QUBIC)
1448145,1448145,23133,7508,PHF8,XPC,Affinity Capture-MS,26496610,Hein MY (2015),High Throughput,interaction detected by quantitative BAC-GFP interactomics (QUBIC)
1520352,1520352,5460,7508,POU5F1,XPC,Affinity Capture-MS,26687479,Oliviero G (2015),High Throughput,-
2216646,2216646,1068,7508,CETN1,XPC,Affinity Capture-MS,28514442,Huttlin EL (2017),High Throughput,"BioPlex 2.0 HEK 293T cells CompPASS score = 1.0, threshold = 0.75. Quantitative scores calculated by CompPASS-Plus (Huttlin et al. Cell, 2015, PMID: 26186194).|See BioPlex Interactome for details (https://bioplex.hms.harvard.edu/index.php).|This data has also been reanalyzed as part of BioPlex 3.0 (PMID: 33961781) and may be re-scored from BioPlex 1.0 (PMID: 26186194). Only scores from within BioPlex 2.0 (PMID: 28514442) should be compared directly."
2218454,2218454,7508,8348,XPC,HIST1H2BO,Affinity Capture-MS,28514442,Huttlin EL (2017),High Throughput,"BioPlex 2.0 HEK 293T cells CompPASS score = 0.999999918, threshold = 0.75. Quantitative scores calculated by CompPASS-Plus (Huttlin et al. Cell, 2015, PMID: 26186194).|See BioPlex Interactome for details (https://bioplex.hms.harvard.edu/index.php).|This data has also been reanalyzed as part of BioPlex 3.0 (PMID: 33961781) and may be re-scored from BioPlex 1.0 (PMID: 26186194). Only scores from within BioPlex 2.0 (PMID: 28514442) should be compared directly."
2218674,2218674,7508,3017,XPC,HIST1H2BD,Affinity Capture-MS,28514442,Huttlin EL (2017),High Throughput,"BioPlex 2.0 HEK 293T cells CompPASS score = 0.999999877, threshold = 0.75. Quantitative scores calculated by CompPASS-Plus (Huttlin et al. Cell, 2015, PMID: 26186194).|See BioPlex Interactome for details (https://bioplex.hms.harvard.edu/index.php).|This data has also been reanalyzed as part of BioPlex 3.0 (PMID: 33961781) and may be re-scored from BioPlex 1.0 (PMID: 26186194). Only scores from within BioPlex 2.0 (PMID: 28514442) should be compared directly."
2223214,2223214,3014,7508,H2AFX,XPC,Affinity Capture-MS,28514442,Huttlin EL (2017),High Throughput,"BioPlex 2.0 HEK 293T cells CompPASS score = 0.999988634, threshold = 0.75. Quantitative scores calculated by CompPASS-Plus (Huttlin et al. Cell, 2015, PMID: 26186194).|See BioPlex Interactome for details (https://bioplex.hms.harvard.edu/index.php).|This data has also been reanalyzed as part of BioPlex 3.0 (PMID: 33961781) and may be re-scored from BioPlex 1.0 (PMID: 26186194). Only scores from within BioPlex 2.0 (PMID: 28514442) should be compared directly."
2223746,2223746,7508,1069,XPC,CETN2,Affinity Capture-MS,28514442,Huttlin EL (2017),High Throughput,"BioPlex 2.0 HEK 293T cells CompPASS score = 0.999983267, threshold = 0.75. Quantitative scores calculated by CompPASS-Plus (Huttlin et al. Cell, 2015, PMID: 26186194).|See BioPlex Interactome for details (https://bioplex.hms.harvard.edu/index.php).|This data has also been reanalyzed as part of BioPlex 3.0 (PMID: 33961781) and may be re-scored from BioPlex 1.0 (PMID: 26186194). Only scores from within BioPlex 2.0 (PMID: 28514442) should be compared directly."
2223849,2223849,200558,7508,APLF,XPC,Affinity Capture-MS,28514442,Huttlin EL (2017),High Throughput,"BioPlex 2.0 HEK 293T cells CompPASS score = 0.999982116, threshold = 0.75. Quantitative scores calculated by CompPASS-Plus (Huttlin et al. Cell, 2015, PMID: 26186194).|See BioPlex Interactome for details (https://bioplex.hms.harvard.edu/index.php).|This data has also been reanalyzed as part of BioPlex 3.0 (PMID: 33961781) and may be re-scored from BioPlex 1.0 (PMID: 26186194). Only scores from within BioPlex 2.0 (PMID: 28514442) should be compared directly."
2225012,2225012,5887,7508,RAD23B,XPC,Affinity Capture-MS,28514442,Huttlin EL (2017),High Throughput,"BioPlex 2.0 HEK 293T cells CompPASS score = 0.999961609, threshold = 0.75. Quantitative scores calculated by CompPASS-Plus (Huttlin et al. Cell, 2015, PMID: 26186194).|See BioPlex Interactome for details (https://bioplex.hms.harvard.edu/index.php).|This data has also been reanalyzed as part of BioPlex 3.0 (PMID: 33961781) and may be re-scored from BioPlex 1.0 (PMID: 26186194). Only scores from within BioPlex 2.0 (PMID: 28514442) should be compared directly."
2225490,2225490,7508,10038,XPC,PARP2,Affinity Capture-MS,28514442,Huttlin EL (2017),High Throughput,"BioPlex 2.0 HEK 293T cells CompPASS score = 0.999949408, threshold = 0.75. Quantitative scores calculated by CompPASS-Plus (Huttlin et al. Cell, 2015, PMID: 26186194).|See BioPlex Interactome for details (https://bioplex.hms.harvard.edu/index.php).|This data has also been reanalyzed as part of BioPlex 3.0 (PMID: 33961781) and may be re-scored from BioPlex 1.0 (PMID: 26186194). Only scores from within BioPlex 2.0 (PMID: 28514442) should be compared directly."
2226042,2226042,6118,7508,RPA2,XPC,Affinity Capture-MS,28514442,Huttlin EL (2017),High Throughput,"BioPlex 2.0 HEK 293T cells CompPASS score = 0.99993215, threshold = 0.75. Quantitative scores calculated by CompPASS-Plus (Huttlin et al. Cell, 2015, PMID: 26186194).|See BioPlex Interactome for details (https://bioplex.hms.harvard.edu/index.php).|This data has also been reanalyzed as part of BioPlex 3.0 (PMID: 33961781) and may be re-scored from BioPlex 1.0 (PMID: 26186194). Only scores from within BioPlex 2.0 (PMID: 28514442) should be compared directly."
2226886,2226886,81847,7508,RNF146,XPC,Affinity Capture-MS,28514442,Huttlin EL (2017),High Throughput,"BioPlex 2.0 HEK 293T cells CompPASS score = 0.999892263, threshold = 0.75. Quantitative scores calculated by CompPASS-Plus (Huttlin et al. Cell, 2015, PMID: 26186194).|See BioPlex Interactome for details (https://bioplex.hms.harvard.edu/index.php).|This data has also been reanalyzed as part of BioPlex 3.0 (PMID: 33961781) and may be re-scored from BioPlex 1.0 (PMID: 26186194). Only scores from within BioPlex 2.0 (PMID: 28514442) should be compared directly."
2226963,2226963,255626,7508,HIST1H2BA,XPC,Affinity Capture-MS,28514442,Huttlin EL (2017),High Throughput,"BioPlex 2.0 HEK 293T cells CompPASS score = 0.999888265, threshold = 0.75. Quantitative scores calculated by CompPASS-Plus (Huttlin et al. Cell, 2015, PMID: 26186194).|See BioPlex Interactome for details (https://bioplex.hms.harvard.edu/index.php).|This data has also been reanalyzed as part of BioPlex 3.0 (PMID: 33961781) and may be re-scored from BioPlex 1.0 (PMID: 26186194). Only scores from within BioPlex 2.0 (PMID: 28514442) should be compared directly."
2228739,2228739,7508,1070,XPC,CETN3,Affinity Capture-MS,28514442,Huttlin EL (2017),High Throughput,"BioPlex 2.0 HEK 293T cells CompPASS score = 0.999737675, threshold = 0.75. Quantitative scores calculated by CompPASS-Plus (Huttlin et al. Cell, 2015, PMID: 26186194).|See BioPlex Interactome for details (https://bioplex.hms.harvard.edu/index.php).|This data has also been reanalyzed as part of BioPlex 3.0 (PMID: 33961781) and may be re-scored from BioPlex 1.0 (PMID: 26186194). Only scores from within BioPlex 2.0 (PMID: 28514442) should be compared directly."
2229854,2229854,9557,7508,CHD1L,XPC,Affinity Capture-MS,28514442,Huttlin EL (2017),High Throughput,"BioPlex 2.0 HEK 293T cells CompPASS score = 0.999584398, threshold = 0.75. Quantitative scores calculated by CompPASS-Plus (Huttlin et al. Cell, 2015, PMID: 26186194).|See BioPlex Interactome for details (https://bioplex.hms.harvard.edu/index.php).|This data has also been reanalyzed as part of BioPlex 3.0 (PMID: 33961781) and may be re-scored from BioPlex 1.0 (PMID: 26186194). Only scores from within BioPlex 2.0 (PMID: 28514442) should be compared directly."
2229925,2229925,28992,7508,MACROD1,XPC,Affinity Capture-MS,28514442,Huttlin EL (2017),High Throughput,"BioPlex 2.0 HEK 293T cells CompPASS score = 0.999572813, threshold = 0.75. Quantitative scores calculated by CompPASS-Plus (Huttlin et al. Cell, 2015, PMID: 26186194).|See BioPlex Interactome for details (https://bioplex.hms.harvard.edu/index.php).|This data has also been reanalyzed as part of BioPlex 3.0 (PMID: 33961781) and may be re-scored from BioPlex 1.0 (PMID: 26186194). Only scores from within BioPlex 2.0 (PMID: 28514442) should be compared directly."
2231629,2231629,29935,7508,RPA4,XPC,Affinity Capture-MS,28514442,Huttlin EL (2017),High Throughput,"BioPlex 2.0 HEK 293T cells CompPASS score = 0.999211292, threshold = 0.75. Quantitative scores calculated by CompPASS-Plus (Huttlin et al. Cell, 2015, PMID: 26186194).|See BioPlex Interactome for details (https://bioplex.hms.harvard.edu/index.php).|This data has also been reanalyzed as part of BioPlex 3.0 (PMID: 33961781) and may be re-scored from BioPlex 1.0 (PMID: 26186194). Only scores from within BioPlex 2.0 (PMID: 28514442) should be compared directly."
2232245,2232245,2547,7508,XRCC6,XPC,Affinity Capture-MS,28514442,Huttlin EL (2017),High Throughput,"BioPlex 2.0 HEK 293T cells CompPASS score = 0.999015165, threshold = 0.75. Quantitative scores calculated by CompPASS-Plus (Huttlin et al. Cell, 2015, PMID: 26186194).|See BioPlex Interactome for details (https://bioplex.hms.harvard.edu/index.php).|This data has also been reanalyzed as part of BioPlex 3.0 (PMID: 33961781) and may be re-scored from BioPlex 1.0 (PMID: 26186194). Only scores from within BioPlex 2.0 (PMID: 28514442) should be compared directly."
2234601,2234601,6749,7508,SSRP1,XPC,Affinity Capture-MS,28514442,Huttlin EL (2017),High Throughput,"BioPlex 2.0 HEK 293T cells CompPASS score = 0.997919678, threshold = 0.75. Quantitative scores calculated by CompPASS-Plus (Huttlin et al. Cell, 2015, PMID: 26186194).|See BioPlex Interactome for details (https://bioplex.hms.harvard.edu/index.php).|This data has also been reanalyzed as part of BioPlex 3.0 (PMID: 33961781) and may be re-scored from BioPlex 1.0 (PMID: 26186194). Only scores from within BioPlex 2.0 (PMID: 28514442) should be compared directly."
2234874,2234874,7508,27350,XPC,APOBEC3C,Affinity Capture-MS,28514442,Huttlin EL (2017),High Throughput,"BioPlex 2.0 HEK 293T cells CompPASS score = 0.997748253, threshold = 0.75. Quantitative scores calculated by CompPASS-Plus (Huttlin et al. Cell, 2015, PMID: 26186194).|See BioPlex Interactome for details (https://bioplex.hms.harvard.edu/index.php).|This data has also been reanalyzed as part of BioPlex 3.0 (PMID: 33961781) and may be re-scored from BioPlex 1.0 (PMID: 26186194). Only scores from within BioPlex 2.0 (PMID: 28514442) should be compared directly."
2235262,2235262,7508,55506,XPC,H2AFY2,Affinity Capture-MS,28514442,Huttlin EL (2017),High Throughput,"BioPlex 2.0 HEK 293T cells CompPASS score = 0.997492576, threshold = 0.75. Quantitative scores calculated by CompPASS-Plus (Huttlin et al. Cell, 2015, PMID: 26186194).|See BioPlex Interactome for details (https://bioplex.hms.harvard.edu/index.php).|This data has also been reanalyzed as part of BioPlex 3.0 (PMID: 33961781) and may be re-scored from BioPlex 1.0 (PMID: 26186194). Only scores from within BioPlex 2.0 (PMID: 28514442) should be compared directly."
2235279,2235279,5423,7508,POLB,XPC,Affinity Capture-MS,28514442,Huttlin EL (2017),High Throughput,"BioPlex 2.0 HEK 293T cells CompPASS score = 0.997480994, threshold = 0.75. Quantitative scores calculated by CompPASS-Plus (Huttlin et al. Cell, 2015, PMID: 26186194).|See BioPlex Interactome for details (https://bioplex.hms.harvard.edu/index.php).|This data has also been reanalyzed as part of BioPlex 3.0 (PMID: 33961781) and may be re-scored from BioPlex 1.0 (PMID: 26186194). Only scores from within BioPlex 2.0 (PMID: 28514442) should be compared directly."
2235408,2235408,7508,11198,XPC,SUPT16H,Affinity Capture-MS,28514442,Huttlin EL (2017),High Throughput,"BioPlex 2.0 HEK 293T cells CompPASS score = 0.997377701, threshold = 0.75. Quantitative scores calculated by CompPASS-Plus (Huttlin et al. Cell, 2015, PMID: 26186194).|See BioPlex Interactome for details (https://bioplex.hms.harvard.edu/index.php).|This data has also been reanalyzed as part of BioPlex 3.0 (PMID: 33961781) and may be re-scored from BioPlex 1.0 (PMID: 26186194). Only scores from within BioPlex 2.0 (PMID: 28514442) should be compared directly."
2238470,2238470,7508,142,XPC,PARP1,Affinity Capture-MS,28514442,Huttlin EL (2017),High Throughput,"BioPlex 2.0 HEK 293T cells CompPASS score = 0.994439765, threshold = 0.75. Quantitative scores calculated by CompPASS-Plus (Huttlin et al. Cell, 2015, PMID: 26186194).|See BioPlex Interactome for details (https://bioplex.hms.harvard.edu/index.php).|This data has also been reanalyzed as part of BioPlex 3.0 (PMID: 33961781) and may be re-scored from BioPlex 1.0 (PMID: 26186194). Only scores from within BioPlex 2.0 (PMID: 28514442) should be compared directly."
2239161,2239161,79829,7508,NAA40,XPC,Affinity Capture-MS,28514442,Huttlin EL (2017),High Throughput,"BioPlex 2.0 HEK 293T cells CompPASS score = 0.993492212, threshold = 0.75. Quantitative scores calculated by CompPASS-Plus (Huttlin et al. Cell, 2015, PMID: 26186194).|See BioPlex Interactome for details (https://bioplex.hms.harvard.edu/index.php).|This data has also been reanalyzed as part of BioPlex 3.0 (PMID: 33961781) and may be re-scored from BioPlex 1.0 (PMID: 26186194). Only scores from within BioPlex 2.0 (PMID: 28514442) should be compared directly."
2241108,2241108,8350,7508,HIST1H3A,XPC,Affinity Capture-MS,28514442,Huttlin EL (2017),High Throughput,"BioPlex 2.0 HEK 293T cells CompPASS score = 0.990190772, threshold = 0.75. Quantitative scores calculated by CompPASS-Plus (Huttlin et al. Cell, 2015, PMID: 26186194).|See BioPlex Interactome for details (https://bioplex.hms.harvard.edu/index.php).|This data has also been reanalyzed as part of BioPlex 3.0 (PMID: 33961781) and may be re-scored from BioPlex 1.0 (PMID: 26186194). Only scores from within BioPlex 2.0 (PMID: 28514442) should be compared directly."
2241344,2241344,7508,317772,XPC,HIST2H2AB,Affinity Capture-MS,28514442,Huttlin EL (2017),High Throughput,"BioPlex 2.0 HEK 293T cells CompPASS score = 0.989673869, threshold = 0.75. Quantitative scores calculated by CompPASS-Plus (Huttlin et al. Cell, 2015, PMID: 26186194).|See BioPlex Interactome for details (https://bioplex.hms.harvard.edu/index.php).|This data has also been reanalyzed as part of BioPlex 3.0 (PMID: 33961781) and may be re-scored from BioPlex 1.0 (PMID: 26186194). Only scores from within BioPlex 2.0 (PMID: 28514442) should be compared directly."
2241461,2241461,79968,7508,WDR76,XPC,Affinity Capture-MS,28514442,Huttlin EL (2017),High Throughput,"BioPlex 2.0 HEK 293T cells CompPASS score = 0.989450937, threshold = 0.75. Quantitative scores calculated by CompPASS-Plus (Huttlin et al. Cell, 2015, PMID: 26186194).|See BioPlex Interactome for details (https://bioplex.hms.harvard.edu/index.php).|This data has also been reanalyzed as part of BioPlex 3.0 (PMID: 33961781) and may be re-scored from BioPlex 1.0 (PMID: 26186194). Only scores from within BioPlex 2.0 (PMID: 28514442) should be compared directly."
2241785,2241785,6383,7508,SDC2,XPC,Affinity Capture-MS,28514442,Huttlin EL (2017),High Throughput,"BioPlex 2.0 HEK 293T cells CompPASS score = 0.988796773, threshold = 0.75. Quantitative scores calculated by CompPASS-Plus (Huttlin et al. Cell, 2015, PMID: 26186194).|See BioPlex Interactome for details (https://bioplex.hms.harvard.edu/index.php).|This data has also been reanalyzed as part of BioPlex 3.0 (PMID: 33961781) and may be re-scored from BioPlex 1.0 (PMID: 26186194). Only scores from within BioPlex 2.0 (PMID: 28514442) should be compared directly."
2242119,2242119,7508,8969,XPC,HIST1H2AG,Affinity Capture-MS,28514442,Huttlin EL (2017),High Throughput,"BioPlex 2.0 HEK 293T cells CompPASS score = 0.988035389, threshold = 0.75. Quantitative scores calculated by CompPASS-Plus (Huttlin et al. Cell, 2015, PMID: 26186194).|See BioPlex Interactome for details (https://bioplex.hms.harvard.edu/index.php).|This data has also been reanalyzed as part of BioPlex 3.0 (PMID: 33961781) and may be re-scored from BioPlex 1.0 (PMID: 26186194). Only scores from within BioPlex 2.0 (PMID: 28514442) should be compared directly."
2243911,2243911,7508,9555,XPC,H2AFY,Affinity Capture-MS,28514442,Huttlin EL (2017),High Throughput,"BioPlex 2.0 HEK 293T cells CompPASS score = 0.983541641, threshold = 0.75. Quantitative scores calculated by CompPASS-Plus (Huttlin et al. Cell, 2015, PMID: 26186194).|See BioPlex Interactome for details (https://bioplex.hms.harvard.edu/index.php).|This data has also been reanalyzed as part of BioPlex 3.0 (PMID: 33961781) and may be re-scored from BioPlex 1.0 (PMID: 26186194). Only scores from within BioPlex 2.0 (PMID: 28514442) should be compared directly."
2244530,2244530,474343,7508,SPIN2B,XPC,Affinity Capture-MS,28514442,Huttlin EL (2017),High Throughput,"BioPlex 2.0 HEK 293T cells CompPASS score = 0.981549756, threshold = 0.75. Quantitative scores calculated by CompPASS-Plus (Huttlin et al. Cell, 2015, PMID: 26186194).|See BioPlex Interactome for details (https://bioplex.hms.harvard.edu/index.php).|This data has also been reanalyzed as part of BioPlex 3.0 (PMID: 33961781) and may be re-scored from BioPlex 1.0 (PMID: 26186194). Only scores from within BioPlex 2.0 (PMID: 28514442) should be compared directly."
2251874,2251874,7508,8370,XPC,HIST2H4A,Affinity Capture-MS,28514442,Huttlin EL (2017),High Throughput,"BioPlex 2.0 HEK 293T cells CompPASS score = 0.949580496, threshold = 0.75. Quantitative scores calculated by CompPASS-Plus (Huttlin et al. Cell, 2015, PMID: 26186194).|See BioPlex Interactome for details (https://bioplex.hms.harvard.edu/index.php).|This data has also been reanalyzed as part of BioPlex 3.0 (PMID: 33961781) and may be re-scored from BioPlex 1.0 (PMID: 26186194). Only scores from within BioPlex 2.0 (PMID: 28514442) should be compared directly."
2255709,2255709,1459,7508,CSNK2A2,XPC,Affinity Capture-MS,28514442,Huttlin EL (2017),High Throughput,"BioPlex 2.0 HEK 293T cells CompPASS score = 0.925336324, threshold = 0.75. Quantitative scores calculated by CompPASS-Plus (Huttlin et al. Cell, 2015, PMID: 26186194).|See BioPlex Interactome for details (https://bioplex.hms.harvard.edu/index.php).|This data has also been reanalyzed as part of BioPlex 3.0 (PMID: 33961781) and may be re-scored from BioPlex 1.0 (PMID: 26186194). Only scores from within BioPlex 2.0 (PMID: 28514442) should be compared directly."
2259425,2259425,80746,7508,TSEN2,XPC,Affinity Capture-MS,28514442,Huttlin EL (2017),High Throughput,"BioPlex 2.0 HEK 293T cells CompPASS score = 0.895065471, threshold = 0.75. Quantitative scores calculated by CompPASS-Plus (Huttlin et al. Cell, 2015, PMID: 26186194).|See BioPlex Interactome for details (https://bioplex.hms.harvard.edu/index.php).|This data has also been reanalyzed as part of BioPlex 3.0 (PMID: 33961781) and may be re-scored from BioPlex 1.0 (PMID: 26186194). Only scores from within BioPlex 2.0 (PMID: 28514442) should be compared directly."
2263223,2263223,257,7508,ALX3,XPC,Affinity Capture-MS,28514442,Huttlin EL (2017),High Throughput,"BioPlex 2.0 HEK 293T cells CompPASS score = 0.859259832, threshold = 0.75. Quantitative scores calculated by CompPASS-Plus (Huttlin et al. Cell, 2015, PMID: 26186194).|See BioPlex Interactome for details (https://bioplex.hms.harvard.edu/index.php).|This data has also been reanalyzed as part of BioPlex 3.0 (PMID: 33961781) and may be re-scored from BioPlex 1.0 (PMID: 26186194). Only scores from within BioPlex 2.0 (PMID: 28514442) should be compared directly."
2268276,2268276,126299,7508,ZNF428,XPC,Affinity Capture-MS,28514442,Huttlin EL (2017),High Throughput,"BioPlex 2.0 HEK 293T cells CompPASS score = 0.804735643, threshold = 0.75. Quantitative scores calculated by CompPASS-Plus (Huttlin et al. Cell, 2015, PMID: 26186194).|See BioPlex Interactome for details (https://bioplex.hms.harvard.edu/index.php).|This data has also been reanalyzed as part of BioPlex 3.0 (PMID: 33961781) and may be re-scored from BioPlex 1.0 (PMID: 26186194). Only scores from within BioPlex 2.0 (PMID: 28514442) should be compared directly."
2347840,2347840,1069,7508,CETN2,XPC,Affinity Capture-MS,27880911,Lan X (2016),High Throughput,-
2491869,2491869,6047,7508,RNF4,XPC,Affinity Capture-MS,29180619,Kumar R (2017),High Throughput,-
2519197,2519197,2100,7508,ESR2,XPC,Affinity Capture-MS,29509190,Giurato G (2018),High Throughput,-
2541639,2541639,4609,7508,MYC,XPC,Affinity Capture-MS,29467282,Heidelberger JB (2018),High Throughput,-
2551140,2551140,79968,7508,WDR76,XPC,Affinity Capture-MS,27248496,Gilmore JM (2016),High Throughput,-
2551300,2551300,8359,7508,HIST1H4A,XPC,Affinity Capture-MS,27248496,Gilmore JM (2016),High Throughput,-
2551554,2551554,3018,7508,HIST1H2BB,XPC,Affinity Capture-MS,27248496,Gilmore JM (2016),High Throughput,-
2552019,2552019,8335,7508,HIST1H2AB,XPC,Affinity Capture-MS,27248496,Gilmore JM (2016),High Throughput,-
2595282,2595282,3014,7508,H2AFX,XPC,Affinity Capture-MS,28242625,Leung JW (2017),High Throughput,-
2632017,2632017,8359,7508,HIST1H4A,XPC,Affinity Capture-MS,30804502,Nakamura K (2019),High Throughput,assayed using SILAC IP (stable isotope labeling by amino acids in cell culture-based quantitative immunoprecipitation)
2632478,2632478,5728,7508,PTEN,XPC,Affinity Capture-MS,30631154,Hu Q (2019),High Throughput,-
2651752,2651752,50636,7508,ANO7,XPC,Affinity Capture-MS,32176628,Kaikkonen E (2020),High Throughput,-
2751387,2751387,56852,7508,RAD18,XPC,Affinity Capture-MS,31076518,Alsulami M (2019),High Throughput,-
2784025,2784025,7508,54940,XPC,OCIAD1,Proximity Label-MS,30021884,Fasci D (2018),High Throughput,interaction identified using XL-MS (cross-linking mass spectrometry): lysates from unfractionated cells were treated with cross-linker and cross-linked proteins were identified by mass-spectrometry; interaction is undirectional; therefore bait and prey/hit have been assigned arbitrarily; interactions with FDRs (false discovery rates) of 1% or less were reported; this interaction was not detected in parallel experiments using TX100-soluble or TX100-insoluble fractions
2786645,2786645,7508,51650,XPC,MRPS33,Proximity Label-MS,30021884,Fasci D (2018),High Throughput,interaction identified using XL-MS (cross-linking mass spectrometry): TX100-insoluble fractions from cells were treated with cross-linker and cross-linked proteins were identified by mass-spectrometry; interaction is undirectional; therefore bait and prey/hit have been assigned arbitrarily; interactions with FDRs (false discovery rates) of 1% or less were reported; this interaction was not detected in parallel experiments using unfractionated cells or TX100-soluble fractions
2804402,2804402,2099,7508,ESR1,XPC,Affinity Capture-MS,31527615,Nassa G (2019),High Throughput,"interaction detected using the TAP (tandem affinity purification) procedure followed by LC-MS/MS (liquid chromatography-tandem mass spectrometry) to identify ER-alpha-interacting proteins; this interaction was detected in at least 2 of 3 samples not treated with, as well as in at least 2 of 3 samples pre-treated with, RNase, suggesting that the interaction can occur in the absence or presence of RNA; this interaction was considered statistically significant because (a) a p-value of p<0.05 was obtained using the Mascot software and (b) a high or medium protein FDR (false discovery rate) confidence level was reported using the ProteomeDiscoverer software"
2830420,2830420,9928,7508,KIF14,XPC,Affinity Capture-MS,31586073,Capalbo L (2019),High Throughput,-
2841497,2841497,8805,7508,TRIM24,XPC,Affinity Capture-MS,31753913,Kim JJ (2019),High Throughput,-
2862552,2862552,4288,7508,MKI67,XPC,Affinity Capture-MS,26949251,Sobecki M (2016),High Throughput,"interactors identified using mass spectrometry, retaining hits for which either an untagged immunoprecipitation (IP) or IP of non-specific protein (TRIM39) produced fewer peptides hits and/or lower Mascot Scores"
2932048,2932048,79968,7508,WDR76,XPC,Affinity Capture-MS,31353912,Dayebgadoh G (2019),High Throughput,nuclear extract
2932971,2932971,2908,7508,NR3C1,XPC,Proximity Label-MS,31182584,Dendoncker K (2019),High Throughput,-
2947737,2947737,5887,7508,RAD23B,XPC,Affinity Capture-MS,24981860,Marcon E (2014),High Throughput,Affinity Capture MS carried out to identify high confidence protein interactions with a iHGSCore < 11
2948849,2948849,6119,7508,RPA3,XPC,Affinity Capture-MS,24981860,Marcon E (2014),High Throughput,Affinity Capture MS carried out to identify high confidence protein interactions with a iHGSCore < 11
2951771,2951771,6118,7508,RPA2,XPC,Affinity Capture-MS,24981860,Marcon E (2014),High Throughput,Affinity Capture MS carried out to identify high confidence protein interactions with a iHGSCore < 11
2951876,2951876,6117,7508,RPA1,XPC,Affinity Capture-MS,24981860,Marcon E (2014),High Throughput,Affinity Capture MS carried out to identify high confidence protein interactions with a iHGSCore < 11
2982199,2982199,11335,7508,CBX3,XPC,Proximity Label-MS,34079125,Go CD (2021),High Throughput,BioID|SAINTexpress (v.3.6.1) was used to identify proximity interactions and those with a Bayesian FDR =< 0.01 were considered high confidence. The score represents the fold change of the average spectral count in sample replicates relative to the average in control replicates.
2982595,2982595,10849,7508,CD3EAP,XPC,Proximity Label-MS,34079125,Go CD (2021),High Throughput,BioID|SAINTexpress (v.3.6.1) was used to identify proximity interactions and those with a Bayesian FDR =< 0.01 were considered high confidence. The score represents the fold change of the average spectral count in sample replicates relative to the average in control replicates.
2982947,2982947,1058,7508,CENPA,XPC,Proximity Label-MS,34079125,Go CD (2021),High Throughput,BioID|SAINTexpress (v.3.6.1) was used to identify proximity interactions and those with a Bayesian FDR =< 0.01 were considered high confidence. The score represents the fold change of the average spectral count in sample replicates relative to the average in control replicates.
2983836,2983836,8161,7508,COIL,XPC,Proximity Label-MS,34079125,Go CD (2021),High Throughput,BioID|SAINTexpress (v.3.6.1) was used to identify proximity interactions and those with a Bayesian FDR =< 0.01 were considered high confidence. The score represents the fold change of the average spectral count in sample replicates relative to the average in control replicates.
2984394,2984394,1351,7508,COX8A,XPC,Proximity Label-MS,34079125,Go CD (2021),High Throughput,BioID|SAINTexpress (v.3.6.1) was used to identify proximity interactions and those with a Bayesian FDR =< 0.01 were considered high confidence. The score represents the fold change of the average spectral count in sample replicates relative to the average in control replicates.
2985667,2985667,9416,7508,DDX23,XPC,Proximity Label-MS,34079125,Go CD (2021),High Throughput,BioID|SAINTexpress (v.3.6.1) was used to identify proximity interactions and those with a Bayesian FDR =< 0.01 were considered high confidence. The score represents the fold change of the average spectral count in sample replicates relative to the average in control replicates.
2998709,2998709,142,7508,PARP1,XPC,Proximity Label-MS,34079125,Go CD (2021),High Throughput,BioID|SAINTexpress (v.3.6.1) was used to identify proximity interactions and those with a Bayesian FDR =< 0.01 were considered high confidence. The score represents the fold change of the average spectral count in sample replicates relative to the average in control replicates.
3000051,3000051,64425,7508,POLR1E,XPC,Proximity Label-MS,34079125,Go CD (2021),High Throughput,BioID|SAINTexpress (v.3.6.1) was used to identify proximity interactions and those with a Bayesian FDR =< 0.01 were considered high confidence. The score represents the fold change of the average spectral count in sample replicates relative to the average in control replicates.
3011219,3011219,27309,7508,ZNF330,XPC,Proximity Label-MS,34079125,Go CD (2021),High Throughput,BioID|SAINTexpress (v.3.6.1) was used to identify proximity interactions and those with a Bayesian FDR =< 0.01 were considered high confidence. The score represents the fold change of the average spectral count in sample replicates relative to the average in control replicates.
3027095,3027095,7508,142,XPC,PARP1,Affinity Capture-MS,33961781,Huttlin EL (2021),High Throughput,"BioPlex 3.0 HEK 293T cells CompPASS score = 0.958533175, threshold = 0.75. Quantitative scores are calculated by CompPASS-Plus (Huttlin et al. Cell 2015, PMID: 26186194). The 0.75 threshold represents the top 2% of scores in HEK293T.|This data may be re-scored from BioPlex 1.0 (PMID: 26186194) and BioPlex 2.0 (PMID: 28514442). Only scores from within the same cell line in BioPlex 3.0 (PMID: 33961781) should be compared directly. For comparison of HEK293T and HCT116 interaction networks with relaxed threshold = 0.1, see BioPlex Interactome (https://bioplex.hms.harvard.edu/index.php)."
3029883,3029883,5887,7508,RAD23B,XPC,Affinity Capture-MS,33961781,Huttlin EL (2021),High Throughput,"BioPlex 3.0 HEK 293T cells CompPASS score = 0.999731304, threshold = 0.75. Quantitative scores are calculated by CompPASS-Plus (Huttlin et al. Cell 2015, PMID: 26186194). The 0.75 threshold represents the top 2% of scores in HEK293T.|This data may be re-scored from BioPlex 1.0 (PMID: 26186194) and BioPlex 2.0 (PMID: 28514442). Only scores from within the same cell line in BioPlex 3.0 (PMID: 33961781) should be compared directly. For comparison of HEK293T and HCT116 interaction networks with relaxed threshold = 0.1, see BioPlex Interactome (https://bioplex.hms.harvard.edu/index.php)."
3031646,3031646,7508,10038,XPC,PARP2,Affinity Capture-MS,33961781,Huttlin EL (2021),High Throughput,"BioPlex 3.0 HEK 293T cells CompPASS score = 0.999653165, threshold = 0.75. Quantitative scores are calculated by CompPASS-Plus (Huttlin et al. Cell 2015, PMID: 26186194). The 0.75 threshold represents the top 2% of scores in HEK293T.|BioPlex HCT HCT116 cells CompPASS score = 0.999758485, threshold = 0.75. Quantitative scores are calculated by CompPASS-Plus (Huttlin et al. Cell 2015, PMID: 26186194). The 0.75 threshold represents the top 2% of scores in HCT116.|Only scores from within the same cell line in BioPlex HCT (PMID: 33961781) should be compared directly. For comparison of HEK293T and HCT116 interaction networks with relaxed threshold = 0.1, see BioPlex Interactome (https://bioplex.hms.harvard.edu/index.php).|This data may be re-scored from BioPlex 1.0 (PMID: 26186194) and BioPlex 2.0 (PMID: 28514442). Only scores from within the same cell line in BioPlex 3.0 (PMID: 33961781) should be compared directly. For comparison of HEK293T and HCT116 interaction networks with relaxed threshold = 0.1, see BioPlex Interactome (https://bioplex.hms.harvard.edu/index.php)."
3032573,3032573,3014,7508,H2AFX,XPC,Affinity Capture-MS,33961781,Huttlin EL (2021),High Throughput,"BioPlex 3.0 HEK 293T cells CompPASS score = 0.999950444, threshold = 0.75. Quantitative scores are calculated by CompPASS-Plus (Huttlin et al. Cell 2015, PMID: 26186194). The 0.75 threshold represents the top 2% of scores in HEK293T.|This data may be re-scored from BioPlex 1.0 (PMID: 26186194) and BioPlex 2.0 (PMID: 28514442). Only scores from within the same cell line in BioPlex 3.0 (PMID: 33961781) should be compared directly. For comparison of HEK293T and HCT116 interaction networks with relaxed threshold = 0.1, see BioPlex Interactome (https://bioplex.hms.harvard.edu/index.php)."
3032937,3032937,7508,9555,XPC,H2AFY,Affinity Capture-MS,33961781,Huttlin EL (2021),High Throughput,"BioPlex 3.0 HEK 293T cells CompPASS score = 0.961545938, threshold = 0.75. Quantitative scores are calculated by CompPASS-Plus (Huttlin et al. Cell 2015, PMID: 26186194). The 0.75 threshold represents the top 2% of scores in HEK293T.|This data may be re-scored from BioPlex 1.0 (PMID: 26186194) and BioPlex 2.0 (PMID: 28514442). Only scores from within the same cell line in BioPlex 3.0 (PMID: 33961781) should be compared directly. For comparison of HEK293T and HCT116 interaction networks with relaxed threshold = 0.1, see BioPlex Interactome (https://bioplex.hms.harvard.edu/index.php)."
3034062,3034062,8338,7508,HIST2H2AC,XPC,Affinity Capture-MS,33961781,Huttlin EL (2021),High Throughput,"BioPlex 3.0 HEK 293T cells CompPASS score = 0.99991462, threshold = 0.75. Quantitative scores are calculated by CompPASS-Plus (Huttlin et al. Cell 2015, PMID: 26186194). The 0.75 threshold represents the top 2% of scores in HEK293T.|This data may be re-scored from BioPlex 1.0 (PMID: 26186194) and BioPlex 2.0 (PMID: 28514442). Only scores from within the same cell line in BioPlex 3.0 (PMID: 33961781) should be compared directly. For comparison of HEK293T and HCT116 interaction networks with relaxed threshold = 0.1, see BioPlex Interactome (https://bioplex.hms.harvard.edu/index.php)."
3036723,3036723,3021,7508,H3F3B,XPC,Affinity Capture-MS,33961781,Huttlin EL (2021),High Throughput,"BioPlex 3.0 HEK 293T cells CompPASS score = 0.998011795, threshold = 0.75. Quantitative scores are calculated by CompPASS-Plus (Huttlin et al. Cell 2015, PMID: 26186194). The 0.75 threshold represents the top 2% of scores in HEK293T.|This data may be re-scored from BioPlex 1.0 (PMID: 26186194) and BioPlex 2.0 (PMID: 28514442). Only scores from within the same cell line in BioPlex 3.0 (PMID: 33961781) should be compared directly. For comparison of HEK293T and HCT116 interaction networks with relaxed threshold = 0.1, see BioPlex Interactome (https://bioplex.hms.harvard.edu/index.php)."
3044639,3044639,128312,7508,HIST3H2BB,XPC,Affinity Capture-MS,33961781,Huttlin EL (2021),High Throughput,"BioPlex 3.0 HEK 293T cells CompPASS score = 0.984083182, threshold = 0.75. Quantitative scores are calculated by CompPASS-Plus (Huttlin et al. Cell 2015, PMID: 26186194). The 0.75 threshold represents the top 2% of scores in HEK293T.|This data may be re-scored from BioPlex 1.0 (PMID: 26186194) and BioPlex 2.0 (PMID: 28514442). Only scores from within the same cell line in BioPlex 3.0 (PMID: 33961781) should be compared directly. For comparison of HEK293T and HCT116 interaction networks with relaxed threshold = 0.1, see BioPlex Interactome (https://bioplex.hms.harvard.edu/index.php)."
3045149,3045149,51548,7508,SIRT6,XPC,Affinity Capture-MS,33961781,Huttlin EL (2021),High Throughput,"BioPlex 3.0 HEK 293T cells CompPASS score = 0.770663888, threshold = 0.75. Quantitative scores are calculated by CompPASS-Plus (Huttlin et al. Cell 2015, PMID: 26186194). The 0.75 threshold represents the top 2% of scores in HEK293T.|BioPlex HCT HCT116 cells CompPASS score = 0.99984979, threshold = 0.75. Quantitative scores are calculated by CompPASS-Plus (Huttlin et al. Cell 2015, PMID: 26186194). The 0.75 threshold represents the top 2% of scores in HCT116.|Only scores from within the same cell line in BioPlex HCT (PMID: 33961781) should be compared directly. For comparison of HEK293T and HCT116 interaction networks with relaxed threshold = 0.1, see BioPlex Interactome (https://bioplex.hms.harvard.edu/index.php).|This data may be re-scored from BioPlex 1.0 (PMID: 26186194) and BioPlex 2.0 (PMID: 28514442). Only scores from within the same cell line in BioPlex 3.0 (PMID: 33961781) should be compared directly. For comparison of HEK293T and HCT116 interaction networks with relaxed threshold = 0.1, see BioPlex Interactome (https://bioplex.hms.harvard.edu/index.php)."
3047790,3047790,7508,8370,XPC,HIST2H4A,Affinity Capture-MS,33961781,Huttlin EL (2021),High Throughput,"BioPlex 3.0 HEK 293T cells CompPASS score = 0.848411718, threshold = 0.75. Quantitative scores are calculated by CompPASS-Plus (Huttlin et al. Cell 2015, PMID: 26186194). The 0.75 threshold represents the top 2% of scores in HEK293T.|This data may be re-scored from BioPlex 1.0 (PMID: 26186194) and BioPlex 2.0 (PMID: 28514442). Only scores from within the same cell line in BioPlex 3.0 (PMID: 33961781) should be compared directly. For comparison of HEK293T and HCT116 interaction networks with relaxed threshold = 0.1, see BioPlex Interactome (https://bioplex.hms.harvard.edu/index.php)."
3051324,3051324,3150,7508,HMGN1,XPC,Affinity Capture-MS,33961781,Huttlin EL (2021),High Throughput,"BioPlex 3.0 HEK 293T cells CompPASS score = 0.91992062, threshold = 0.75. Quantitative scores are calculated by CompPASS-Plus (Huttlin et al. Cell 2015, PMID: 26186194). The 0.75 threshold represents the top 2% of scores in HEK293T.|This data may be re-scored from BioPlex 1.0 (PMID: 26186194) and BioPlex 2.0 (PMID: 28514442). Only scores from within the same cell line in BioPlex 3.0 (PMID: 33961781) should be compared directly. For comparison of HEK293T and HCT116 interaction networks with relaxed threshold = 0.1, see BioPlex Interactome (https://bioplex.hms.harvard.edu/index.php)."
3059696,3059696,8358,7508,HIST1H3B,XPC,Affinity Capture-MS,33961781,Huttlin EL (2021),High Throughput,"BioPlex 3.0 HEK 293T cells CompPASS score = 0.999866939, threshold = 0.75. Quantitative scores are calculated by CompPASS-Plus (Huttlin et al. Cell 2015, PMID: 26186194). The 0.75 threshold represents the top 2% of scores in HEK293T.|This data may be re-scored from BioPlex 1.0 (PMID: 26186194) and BioPlex 2.0 (PMID: 28514442). Only scores from within the same cell line in BioPlex 3.0 (PMID: 33961781) should be compared directly. For comparison of HEK293T and HCT116 interaction networks with relaxed threshold = 0.1, see BioPlex Interactome (https://bioplex.hms.harvard.edu/index.php)."
3062333,3062333,7508,8969,XPC,HIST1H2AG,Affinity Capture-MS,33961781,Huttlin EL (2021),High Throughput,"BioPlex 3.0 HEK 293T cells CompPASS score = 0.980587519, threshold = 0.75. Quantitative scores are calculated by CompPASS-Plus (Huttlin et al. Cell 2015, PMID: 26186194). The 0.75 threshold represents the top 2% of scores in HEK293T.|This data may be re-scored from BioPlex 1.0 (PMID: 26186194) and BioPlex 2.0 (PMID: 28514442). Only scores from within the same cell line in BioPlex 3.0 (PMID: 33961781) should be compared directly. For comparison of HEK293T and HCT116 interaction networks with relaxed threshold = 0.1, see BioPlex Interactome (https://bioplex.hms.harvard.edu/index.php)."
3062762,3062762,7508,1070,XPC,CETN3,Affinity Capture-MS,33961781,Huttlin EL (2021),High Throughput,"BioPlex 3.0 HEK 293T cells CompPASS score = 0.999400787, threshold = 0.75. Quantitative scores are calculated by CompPASS-Plus (Huttlin et al. Cell 2015, PMID: 26186194). The 0.75 threshold represents the top 2% of scores in HEK293T.|BioPlex HCT HCT116 cells CompPASS score = 0.897448053, threshold = 0.75. Quantitative scores are calculated by CompPASS-Plus (Huttlin et al. Cell 2015, PMID: 26186194). The 0.75 threshold represents the top 2% of scores in HCT116.|Only scores from within the same cell line in BioPlex HCT (PMID: 33961781) should be compared directly. For comparison of HEK293T and HCT116 interaction networks with relaxed threshold = 0.1, see BioPlex Interactome (https://bioplex.hms.harvard.edu/index.php).|This data may be re-scored from BioPlex 1.0 (PMID: 26186194) and BioPlex 2.0 (PMID: 28514442). Only scores from within the same cell line in BioPlex 3.0 (PMID: 33961781) should be compared directly. For comparison of HEK293T and HCT116 interaction networks with relaxed threshold = 0.1, see BioPlex Interactome (https://bioplex.hms.harvard.edu/index.php)."
3063148,3063148,7508,3017,XPC,HIST1H2BD,Affinity Capture-MS,33961781,Huttlin EL (2021),High Throughput,"BioPlex 3.0 HEK 293T cells CompPASS score = 0.999997536, threshold = 0.75. Quantitative scores are calculated by CompPASS-Plus (Huttlin et al. Cell 2015, PMID: 26186194). The 0.75 threshold represents the top 2% of scores in HEK293T.|This data may be re-scored from BioPlex 1.0 (PMID: 26186194) and BioPlex 2.0 (PMID: 28514442). Only scores from within the same cell line in BioPlex 3.0 (PMID: 33961781) should be compared directly. For comparison of HEK293T and HCT116 interaction networks with relaxed threshold = 0.1, see BioPlex Interactome (https://bioplex.hms.harvard.edu/index.php)."
3065015,3065015,79829,7508,NAA40,XPC,Affinity Capture-MS,33961781,Huttlin EL (2021),High Throughput,"BioPlex 3.0 HEK 293T cells CompPASS score = 0.991385373, threshold = 0.75. Quantitative scores are calculated by CompPASS-Plus (Huttlin et al. Cell 2015, PMID: 26186194). The 0.75 threshold represents the top 2% of scores in HEK293T.|This data may be re-scored from BioPlex 1.0 (PMID: 26186194) and BioPlex 2.0 (PMID: 28514442). Only scores from within the same cell line in BioPlex 3.0 (PMID: 33961781) should be compared directly. For comparison of HEK293T and HCT116 interaction networks with relaxed threshold = 0.1, see BioPlex Interactome (https://bioplex.hms.harvard.edu/index.php)."
3065499,3065499,158983,7508,H2BFWT,XPC,Affinity Capture-MS,33961781,Huttlin EL (2021),High Throughput,"BioPlex 3.0 HEK 293T cells CompPASS score = 0.991465458, threshold = 0.75. Quantitative scores are calculated by CompPASS-Plus (Huttlin et al. Cell 2015, PMID: 26186194). The 0.75 threshold represents the top 2% of scores in HEK293T.|This data may be re-scored from BioPlex 1.0 (PMID: 26186194) and BioPlex 2.0 (PMID: 28514442). Only scores from within the same cell line in BioPlex 3.0 (PMID: 33961781) should be compared directly. For comparison of HEK293T and HCT116 interaction networks with relaxed threshold = 0.1, see BioPlex Interactome (https://bioplex.hms.harvard.edu/index.php)."
3068319,3068319,1068,7508,CETN1,XPC,Affinity Capture-MS,33961781,Huttlin EL (2021),High Throughput,"BioPlex 3.0 HEK 293T cells CompPASS score = 1, threshold = 0.75. Quantitative scores are calculated by CompPASS-Plus (Huttlin et al. Cell 2015, PMID: 26186194). The 0.75 threshold represents the top 2% of scores in HEK293T.|BioPlex HCT HCT116 cells CompPASS score = 0.999999997, threshold = 0.75. Quantitative scores are calculated by CompPASS-Plus (Huttlin et al. Cell 2015, PMID: 26186194). The 0.75 threshold represents the top 2% of scores in HCT116.|Only scores from within the same cell line in BioPlex HCT (PMID: 33961781) should be compared directly. For comparison of HEK293T and HCT116 interaction networks with relaxed threshold = 0.1, see BioPlex Interactome (https://bioplex.hms.harvard.edu/index.php).|This data may be re-scored from BioPlex 1.0 (PMID: 26186194) and BioPlex 2.0 (PMID: 28514442). Only scores from within the same cell line in BioPlex 3.0 (PMID: 33961781) should be compared directly. For comparison of HEK293T and HCT116 interaction networks with relaxed threshold = 0.1, see BioPlex Interactome (https://bioplex.hms.harvard.edu/index.php)."
3068500,3068500,6383,7508,SDC2,XPC,Affinity Capture-MS,33961781,Huttlin EL (2021),High Throughput,"BioPlex 3.0 HEK 293T cells CompPASS score = 0.983070243, threshold = 0.75. Quantitative scores are calculated by CompPASS-Plus (Huttlin et al. Cell 2015, PMID: 26186194). The 0.75 threshold represents the top 2% of scores in HEK293T.|This data may be re-scored from BioPlex 1.0 (PMID: 26186194) and BioPlex 2.0 (PMID: 28514442). Only scores from within the same cell line in BioPlex 3.0 (PMID: 33961781) should be compared directly. For comparison of HEK293T and HCT116 interaction networks with relaxed threshold = 0.1, see BioPlex Interactome (https://bioplex.hms.harvard.edu/index.php)."
3068521,3068521,7508,5886,XPC,RAD23A,Affinity Capture-MS,33961781,Huttlin EL (2021),High Throughput,"BioPlex 3.0 HEK 293T cells CompPASS score = 0.815275609, threshold = 0.75. Quantitative scores are calculated by CompPASS-Plus (Huttlin et al. Cell 2015, PMID: 26186194). The 0.75 threshold represents the top 2% of scores in HEK293T.|This data may be re-scored from BioPlex 1.0 (PMID: 26186194) and BioPlex 2.0 (PMID: 28514442). Only scores from within the same cell line in BioPlex 3.0 (PMID: 33961781) should be compared directly. For comparison of HEK293T and HCT116 interaction networks with relaxed threshold = 0.1, see BioPlex Interactome (https://bioplex.hms.harvard.edu/index.php)."
3068556,3068556,7508,55506,XPC,H2AFY2,Affinity Capture-MS,33961781,Huttlin EL (2021),High Throughput,"BioPlex 3.0 HEK 293T cells CompPASS score = 0.880930955, threshold = 0.75. Quantitative scores are calculated by CompPASS-Plus (Huttlin et al. Cell 2015, PMID: 26186194). The 0.75 threshold represents the top 2% of scores in HEK293T.|This data may be re-scored from BioPlex 1.0 (PMID: 26186194) and BioPlex 2.0 (PMID: 28514442). Only scores from within the same cell line in BioPlex 3.0 (PMID: 33961781) should be compared directly. For comparison of HEK293T and HCT116 interaction networks with relaxed threshold = 0.1, see BioPlex Interactome (https://bioplex.hms.harvard.edu/index.php)."
3069119,3069119,8968,7508,HIST1H3F,XPC,Affinity Capture-MS,33961781,Huttlin EL (2021),High Throughput,"BioPlex 3.0 HEK 293T cells CompPASS score = 0.999220995, threshold = 0.75. Quantitative scores are calculated by CompPASS-Plus (Huttlin et al. Cell 2015, PMID: 26186194). The 0.75 threshold represents the top 2% of scores in HEK293T.|This data may be re-scored from BioPlex 1.0 (PMID: 26186194) and BioPlex 2.0 (PMID: 28514442). Only scores from within the same cell line in BioPlex 3.0 (PMID: 33961781) should be compared directly. For comparison of HEK293T and HCT116 interaction networks with relaxed threshold = 0.1, see BioPlex Interactome (https://bioplex.hms.harvard.edu/index.php)."
3070685,3070685,7508,11198,XPC,SUPT16H,Affinity Capture-MS,33961781,Huttlin EL (2021),High Throughput,"BioPlex 3.0 HEK 293T cells CompPASS score = 0.973446302, threshold = 0.75. Quantitative scores are calculated by CompPASS-Plus (Huttlin et al. Cell 2015, PMID: 26186194). The 0.75 threshold represents the top 2% of scores in HEK293T.|This data may be re-scored from BioPlex 1.0 (PMID: 26186194) and BioPlex 2.0 (PMID: 28514442). Only scores from within the same cell line in BioPlex 3.0 (PMID: 33961781) should be compared directly. For comparison of HEK293T and HCT116 interaction networks with relaxed threshold = 0.1, see BioPlex Interactome (https://bioplex.hms.harvard.edu/index.php)."
3072758,3072758,3012,7508,HIST1H2AE,XPC,Affinity Capture-MS,33961781,Huttlin EL (2021),High Throughput,"BioPlex 3.0 HEK 293T cells CompPASS score = 0.999953231, threshold = 0.75. Quantitative scores are calculated by CompPASS-Plus (Huttlin et al. Cell 2015, PMID: 26186194). The 0.75 threshold represents the top 2% of scores in HEK293T.|This data may be re-scored from BioPlex 1.0 (PMID: 26186194) and BioPlex 2.0 (PMID: 28514442). Only scores from within the same cell line in BioPlex 3.0 (PMID: 33961781) should be compared directly. For comparison of HEK293T and HCT116 interaction networks with relaxed threshold = 0.1, see BioPlex Interactome (https://bioplex.hms.harvard.edu/index.php)."
3074929,3074929,474381,7508,H2AFB2,XPC,Affinity Capture-MS,33961781,Huttlin EL (2021),High Throughput,"BioPlex 3.0 HEK 293T cells CompPASS score = 0.971809778, threshold = 0.75. Quantitative scores are calculated by CompPASS-Plus (Huttlin et al. Cell 2015, PMID: 26186194). The 0.75 threshold represents the top 2% of scores in HEK293T.|This data may be re-scored from BioPlex 1.0 (PMID: 26186194) and BioPlex 2.0 (PMID: 28514442). Only scores from within the same cell line in BioPlex 3.0 (PMID: 33961781) should be compared directly. For comparison of HEK293T and HCT116 interaction networks with relaxed threshold = 0.1, see BioPlex Interactome (https://bioplex.hms.harvard.edu/index.php)."
3076030,3076030,8353,7508,HIST1H3E,XPC,Affinity Capture-MS,33961781,Huttlin EL (2021),High Throughput,"BioPlex 3.0 HEK 293T cells CompPASS score = 0.994694573, threshold = 0.75. Quantitative scores are calculated by CompPASS-Plus (Huttlin et al. Cell 2015, PMID: 26186194). The 0.75 threshold represents the top 2% of scores in HEK293T.|This data may be re-scored from BioPlex 1.0 (PMID: 26186194) and BioPlex 2.0 (PMID: 28514442). Only scores from within the same cell line in BioPlex 3.0 (PMID: 33961781) should be compared directly. For comparison of HEK293T and HCT116 interaction networks with relaxed threshold = 0.1, see BioPlex Interactome (https://bioplex.hms.harvard.edu/index.php)."
3077207,3077207,25776,7508,CBY1,XPC,Affinity Capture-MS,33961781,Huttlin EL (2021),High Throughput,"BioPlex 3.0 HEK 293T cells CompPASS score = 0.820111852, threshold = 0.75. Quantitative scores are calculated by CompPASS-Plus (Huttlin et al. Cell 2015, PMID: 26186194). The 0.75 threshold represents the top 2% of scores in HEK293T.|This data may be re-scored from BioPlex 1.0 (PMID: 26186194) and BioPlex 2.0 (PMID: 28514442). Only scores from within the same cell line in BioPlex 3.0 (PMID: 33961781) should be compared directly. For comparison of HEK293T and HCT116 interaction networks with relaxed threshold = 0.1, see BioPlex Interactome (https://bioplex.hms.harvard.edu/index.php)."
3078265,3078265,7508,8335,XPC,HIST1H2AB,Affinity Capture-MS,33961781,Huttlin EL (2021),High Throughput,"BioPlex 3.0 HEK 293T cells CompPASS score = 0.999954891, threshold = 0.75. Quantitative scores are calculated by CompPASS-Plus (Huttlin et al. Cell 2015, PMID: 26186194). The 0.75 threshold represents the top 2% of scores in HEK293T.|This data may be re-scored from BioPlex 1.0 (PMID: 26186194) and BioPlex 2.0 (PMID: 28514442). Only scores from within the same cell line in BioPlex 3.0 (PMID: 33961781) should be compared directly. For comparison of HEK293T and HCT116 interaction networks with relaxed threshold = 0.1, see BioPlex Interactome (https://bioplex.hms.harvard.edu/index.php)."
3079053,3079053,474343,7508,SPIN2B,XPC,Affinity Capture-MS,33961781,Huttlin EL (2021),High Throughput,"BioPlex 3.0 HEK 293T cells CompPASS score = 0.970075912, threshold = 0.75. Quantitative scores are calculated by CompPASS-Plus (Huttlin et al. Cell 2015, PMID: 26186194). The 0.75 threshold represents the top 2% of scores in HEK293T.|This data may be re-scored from BioPlex 1.0 (PMID: 26186194) and BioPlex 2.0 (PMID: 28514442). Only scores from within the same cell line in BioPlex 3.0 (PMID: 33961781) should be compared directly. For comparison of HEK293T and HCT116 interaction networks with relaxed threshold = 0.1, see BioPlex Interactome (https://bioplex.hms.harvard.edu/index.php)."
3081913,3081913,8359,7508,HIST1H4A,XPC,Affinity Capture-MS,33961781,Huttlin EL (2021),High Throughput,"BioPlex 3.0 HEK 293T cells CompPASS score = 0.973521328, threshold = 0.75. Quantitative scores are calculated by CompPASS-Plus (Huttlin et al. Cell 2015, PMID: 26186194). The 0.75 threshold represents the top 2% of scores in HEK293T.|This data may be re-scored from BioPlex 1.0 (PMID: 26186194) and BioPlex 2.0 (PMID: 28514442). Only scores from within the same cell line in BioPlex 3.0 (PMID: 33961781) should be compared directly. For comparison of HEK293T and HCT116 interaction networks with relaxed threshold = 0.1, see BioPlex Interactome (https://bioplex.hms.harvard.edu/index.php)."
3084774,3084774,7508,1069,XPC,CETN2,Affinity Capture-MS,33961781,Huttlin EL (2021),High Throughput,"BioPlex 3.0 HEK 293T cells CompPASS score = 0.999985137, threshold = 0.75. Quantitative scores are calculated by CompPASS-Plus (Huttlin et al. Cell 2015, PMID: 26186194). The 0.75 threshold represents the top 2% of scores in HEK293T.|BioPlex HCT HCT116 cells CompPASS score = 0.999745702, threshold = 0.75. Quantitative scores are calculated by CompPASS-Plus (Huttlin et al. Cell 2015, PMID: 26186194). The 0.75 threshold represents the top 2% of scores in HCT116.|Only scores from within the same cell line in BioPlex HCT (PMID: 33961781) should be compared directly. For comparison of HEK293T and HCT116 interaction networks with relaxed threshold = 0.1, see BioPlex Interactome (https://bioplex.hms.harvard.edu/index.php).|This data may be re-scored from BioPlex 1.0 (PMID: 26186194) and BioPlex 2.0 (PMID: 28514442). Only scores from within the same cell line in BioPlex 3.0 (PMID: 33961781) should be compared directly. For comparison of HEK293T and HCT116 interaction networks with relaxed threshold = 0.1, see BioPlex Interactome (https://bioplex.hms.harvard.edu/index.php)."
3088909,3088909,200558,7508,APLF,XPC,Affinity Capture-MS,33961781,Huttlin EL (2021),High Throughput,"BioPlex 3.0 HEK 293T cells CompPASS score = 0.999915821, threshold = 0.75. Quantitative scores are calculated by CompPASS-Plus (Huttlin et al. Cell 2015, PMID: 26186194). The 0.75 threshold represents the top 2% of scores in HEK293T.|This data may be re-scored from BioPlex 1.0 (PMID: 26186194) and BioPlex 2.0 (PMID: 28514442). Only scores from within the same cell line in BioPlex 3.0 (PMID: 33961781) should be compared directly. For comparison of HEK293T and HCT116 interaction networks with relaxed threshold = 0.1, see BioPlex Interactome (https://bioplex.hms.harvard.edu/index.php)."
3092936,3092936,723790,7508,HIST2H2AA4,XPC,Affinity Capture-MS,33961781,Huttlin EL (2021),High Throughput,"BioPlex 3.0 HEK 293T cells CompPASS score = 0.999725814, threshold = 0.75. Quantitative scores are calculated by CompPASS-Plus (Huttlin et al. Cell 2015, PMID: 26186194). The 0.75 threshold represents the top 2% of scores in HEK293T.|This data may be re-scored from BioPlex 1.0 (PMID: 26186194) and BioPlex 2.0 (PMID: 28514442). Only scores from within the same cell line in BioPlex 3.0 (PMID: 33961781) should be compared directly. For comparison of HEK293T and HCT116 interaction networks with relaxed threshold = 0.1, see BioPlex Interactome (https://bioplex.hms.harvard.edu/index.php)."
3094165,3094165,140836,7508,BANF2,XPC,Affinity Capture-MS,33961781,Huttlin EL (2021),High Throughput,"BioPlex 3.0 HEK 293T cells CompPASS score = 0.943421383, threshold = 0.75. Quantitative scores are calculated by CompPASS-Plus (Huttlin et al. Cell 2015, PMID: 26186194). The 0.75 threshold represents the top 2% of scores in HEK293T.|This data may be re-scored from BioPlex 1.0 (PMID: 26186194) and BioPlex 2.0 (PMID: 28514442). Only scores from within the same cell line in BioPlex 3.0 (PMID: 33961781) should be compared directly. For comparison of HEK293T and HCT116 interaction networks with relaxed threshold = 0.1, see BioPlex Interactome (https://bioplex.hms.harvard.edu/index.php)."
3094810,3094810,3015,7508,H2AFZ,XPC,Affinity Capture-MS,33961781,Huttlin EL (2021),High Throughput,"BioPlex 3.0 HEK 293T cells CompPASS score = 0.998894297, threshold = 0.75. Quantitative scores are calculated by CompPASS-Plus (Huttlin et al. Cell 2015, PMID: 26186194). The 0.75 threshold represents the top 2% of scores in HEK293T.|This data may be re-scored from BioPlex 1.0 (PMID: 26186194) and BioPlex 2.0 (PMID: 28514442). Only scores from within the same cell line in BioPlex 3.0 (PMID: 33961781) should be compared directly. For comparison of HEK293T and HCT116 interaction networks with relaxed threshold = 0.1, see BioPlex Interactome (https://bioplex.hms.harvard.edu/index.php)."
3098358,3098358,83740,7508,H2AFB3,XPC,Affinity Capture-MS,33961781,Huttlin EL (2021),High Throughput,"BioPlex 3.0 HEK 293T cells CompPASS score = 0.999123896, threshold = 0.75. Quantitative scores are calculated by CompPASS-Plus (Huttlin et al. Cell 2015, PMID: 26186194). The 0.75 threshold represents the top 2% of scores in HEK293T.|This data may be re-scored from BioPlex 1.0 (PMID: 26186194) and BioPlex 2.0 (PMID: 28514442). Only scores from within the same cell line in BioPlex 3.0 (PMID: 33961781) should be compared directly. For comparison of HEK293T and HCT116 interaction networks with relaxed threshold = 0.1, see BioPlex Interactome (https://bioplex.hms.harvard.edu/index.php)."
3099754,3099754,8362,7508,HIST1H4K,XPC,Affinity Capture-MS,33961781,Huttlin EL (2021),High Throughput,"BioPlex 3.0 HEK 293T cells CompPASS score = 0.999499235, threshold = 0.75. Quantitative scores are calculated by CompPASS-Plus (Huttlin et al. Cell 2015, PMID: 26186194). The 0.75 threshold represents the top 2% of scores in HEK293T.|This data may be re-scored from BioPlex 1.0 (PMID: 26186194) and BioPlex 2.0 (PMID: 28514442). Only scores from within the same cell line in BioPlex 3.0 (PMID: 33961781) should be compared directly. For comparison of HEK293T and HCT116 interaction networks with relaxed threshold = 0.1, see BioPlex Interactome (https://bioplex.hms.harvard.edu/index.php)."
3101087,3101087,8091,7508,HMGA2,XPC,Affinity Capture-MS,33961781,Huttlin EL (2021),High Throughput,"BioPlex 3.0 HEK 293T cells CompPASS score = 0.995822454, threshold = 0.75. Quantitative scores are calculated by CompPASS-Plus (Huttlin et al. Cell 2015, PMID: 26186194). The 0.75 threshold represents the top 2% of scores in HEK293T.|This data may be re-scored from BioPlex 1.0 (PMID: 26186194) and BioPlex 2.0 (PMID: 28514442). Only scores from within the same cell line in BioPlex 3.0 (PMID: 33961781) should be compared directly. For comparison of HEK293T and HCT116 interaction networks with relaxed threshold = 0.1, see BioPlex Interactome (https://bioplex.hms.harvard.edu/index.php)."
3103154,3103154,1460,7508,CSNK2B,XPC,Affinity Capture-MS,33961781,Huttlin EL (2021),High Throughput,"BioPlex 3.0 HEK 293T cells CompPASS score = 0.973047718, threshold = 0.75. Quantitative scores are calculated by CompPASS-Plus (Huttlin et al. Cell 2015, PMID: 26186194). The 0.75 threshold represents the top 2% of scores in HEK293T.|This data may be re-scored from BioPlex 1.0 (PMID: 26186194) and BioPlex 2.0 (PMID: 28514442). Only scores from within the same cell line in BioPlex 3.0 (PMID: 33961781) should be compared directly. For comparison of HEK293T and HCT116 interaction networks with relaxed threshold = 0.1, see BioPlex Interactome (https://bioplex.hms.harvard.edu/index.php)."
3104321,3104321,8294,7508,HIST1H4I,XPC,Affinity Capture-MS,33961781,Huttlin EL (2021),High Throughput,"BioPlex 3.0 HEK 293T cells CompPASS score = 0.99945669, threshold = 0.75. Quantitative scores are calculated by CompPASS-Plus (Huttlin et al. Cell 2015, PMID: 26186194). The 0.75 threshold represents the top 2% of scores in HEK293T.|BioPlex HCT HCT116 cells CompPASS score = 0.998661331, threshold = 0.75. Quantitative scores are calculated by CompPASS-Plus (Huttlin et al. Cell 2015, PMID: 26186194). The 0.75 threshold represents the top 2% of scores in HCT116.|Only scores from within the same cell line in BioPlex HCT (PMID: 33961781) should be compared directly. For comparison of HEK293T and HCT116 interaction networks with relaxed threshold = 0.1, see BioPlex Interactome (https://bioplex.hms.harvard.edu/index.php).|This data may be re-scored from BioPlex 1.0 (PMID: 26186194) and BioPlex 2.0 (PMID: 28514442). Only scores from within the same cell line in BioPlex 3.0 (PMID: 33961781) should be compared directly. For comparison of HEK293T and HCT116 interaction networks with relaxed threshold = 0.1, see BioPlex Interactome (https://bioplex.hms.harvard.edu/index.php)."
3105785,3105785,2547,7508,XRCC6,XPC,Affinity Capture-MS,33961781,Huttlin EL (2021),High Throughput,"BioPlex 3.0 HEK 293T cells CompPASS score = 0.995329991, threshold = 0.75. Quantitative scores are calculated by CompPASS-Plus (Huttlin et al. Cell 2015, PMID: 26186194). The 0.75 threshold represents the top 2% of scores in HEK293T.|This data may be re-scored from BioPlex 1.0 (PMID: 26186194) and BioPlex 2.0 (PMID: 28514442). Only scores from within the same cell line in BioPlex 3.0 (PMID: 33961781) should be compared directly. For comparison of HEK293T and HCT116 interaction networks with relaxed threshold = 0.1, see BioPlex Interactome (https://bioplex.hms.harvard.edu/index.php)."
3105879,3105879,6118,7508,RPA2,XPC,Affinity Capture-MS,33961781,Huttlin EL (2021),High Throughput,"BioPlex 3.0 HEK 293T cells CompPASS score = 0.999515856, threshold = 0.75. Quantitative scores are calculated by CompPASS-Plus (Huttlin et al. Cell 2015, PMID: 26186194). The 0.75 threshold represents the top 2% of scores in HEK293T.|This data may be re-scored from BioPlex 1.0 (PMID: 26186194) and BioPlex 2.0 (PMID: 28514442). Only scores from within the same cell line in BioPlex 3.0 (PMID: 33961781) should be compared directly. For comparison of HEK293T and HCT116 interaction networks with relaxed threshold = 0.1, see BioPlex Interactome (https://bioplex.hms.harvard.edu/index.php)."
3107146,3107146,6749,7508,SSRP1,XPC,Affinity Capture-MS,33961781,Huttlin EL (2021),High Throughput,"BioPlex 3.0 HEK 293T cells CompPASS score = 0.970026145, threshold = 0.75. Quantitative scores are calculated by CompPASS-Plus (Huttlin et al. Cell 2015, PMID: 26186194). The 0.75 threshold represents the top 2% of scores in HEK293T.|This data may be re-scored from BioPlex 1.0 (PMID: 26186194) and BioPlex 2.0 (PMID: 28514442). Only scores from within the same cell line in BioPlex 3.0 (PMID: 33961781) should be compared directly. For comparison of HEK293T and HCT116 interaction networks with relaxed threshold = 0.1, see BioPlex Interactome (https://bioplex.hms.harvard.edu/index.php)."
3108784,3108784,81847,7508,RNF146,XPC,Affinity Capture-MS,33961781,Huttlin EL (2021),High Throughput,"BioPlex 3.0 HEK 293T cells CompPASS score = 0.999657402, threshold = 0.75. Quantitative scores are calculated by CompPASS-Plus (Huttlin et al. Cell 2015, PMID: 26186194). The 0.75 threshold represents the top 2% of scores in HEK293T.|This data may be re-scored from BioPlex 1.0 (PMID: 26186194) and BioPlex 2.0 (PMID: 28514442). Only scores from within the same cell line in BioPlex 3.0 (PMID: 33961781) should be compared directly. For comparison of HEK293T and HCT116 interaction networks with relaxed threshold = 0.1, see BioPlex Interactome (https://bioplex.hms.harvard.edu/index.php)."
3109459,3109459,8346,7508,HIST1H2BI,XPC,Affinity Capture-MS,33961781,Huttlin EL (2021),High Throughput,"BioPlex 3.0 HEK 293T cells CompPASS score = 0.99983992, threshold = 0.75. Quantitative scores are calculated by CompPASS-Plus (Huttlin et al. Cell 2015, PMID: 26186194). The 0.75 threshold represents the top 2% of scores in HEK293T.|This data may be re-scored from BioPlex 1.0 (PMID: 26186194) and BioPlex 2.0 (PMID: 28514442). Only scores from within the same cell line in BioPlex 3.0 (PMID: 33961781) should be compared directly. For comparison of HEK293T and HCT116 interaction networks with relaxed threshold = 0.1, see BioPlex Interactome (https://bioplex.hms.harvard.edu/index.php)."
3111481,3111481,8361,7508,HIST1H4F,XPC,Affinity Capture-MS,33961781,Huttlin EL (2021),High Throughput,"BioPlex 3.0 HEK 293T cells CompPASS score = 0.880877536, threshold = 0.75. Quantitative scores are calculated by CompPASS-Plus (Huttlin et al. Cell 2015, PMID: 26186194). The 0.75 threshold represents the top 2% of scores in HEK293T.|This data may be re-scored from BioPlex 1.0 (PMID: 26186194) and BioPlex 2.0 (PMID: 28514442). Only scores from within the same cell line in BioPlex 3.0 (PMID: 33961781) should be compared directly. For comparison of HEK293T and HCT116 interaction networks with relaxed threshold = 0.1, see BioPlex Interactome (https://bioplex.hms.harvard.edu/index.php)."
3111518,3111518,255626,7508,HIST1H2BA,XPC,Affinity Capture-MS,33961781,Huttlin EL (2021),High Throughput,"BioPlex 3.0 HEK 293T cells CompPASS score = 0.999722937, threshold = 0.75. Quantitative scores are calculated by CompPASS-Plus (Huttlin et al. Cell 2015, PMID: 26186194). The 0.75 threshold represents the top 2% of scores in HEK293T.|This data may be re-scored from BioPlex 1.0 (PMID: 26186194) and BioPlex 2.0 (PMID: 28514442). Only scores from within the same cell line in BioPlex 3.0 (PMID: 33961781) should be compared directly. For comparison of HEK293T and HCT116 interaction networks with relaxed threshold = 0.1, see BioPlex Interactome (https://bioplex.hms.harvard.edu/index.php)."
3113158,3113158,339448,7508,C1orf174,XPC,Affinity Capture-MS,33961781,Huttlin EL (2021),High Throughput,"BioPlex 3.0 HEK 293T cells CompPASS score = 0.941579976, threshold = 0.75. Quantitative scores are calculated by CompPASS-Plus (Huttlin et al. Cell 2015, PMID: 26186194). The 0.75 threshold represents the top 2% of scores in HEK293T.|This data may be re-scored from BioPlex 1.0 (PMID: 26186194) and BioPlex 2.0 (PMID: 28514442). Only scores from within the same cell line in BioPlex 3.0 (PMID: 33961781) should be compared directly. For comparison of HEK293T and HCT116 interaction networks with relaxed threshold = 0.1, see BioPlex Interactome (https://bioplex.hms.harvard.edu/index.php)."
3113408,3113408,7508,8348,XPC,HIST1H2BO,Affinity Capture-MS,33961781,Huttlin EL (2021),High Throughput,"BioPlex 3.0 HEK 293T cells CompPASS score = 0.999998602, threshold = 0.75. Quantitative scores are calculated by CompPASS-Plus (Huttlin et al. Cell 2015, PMID: 26186194). The 0.75 threshold represents the top 2% of scores in HEK293T.|This data may be re-scored from BioPlex 1.0 (PMID: 26186194) and BioPlex 2.0 (PMID: 28514442). Only scores from within the same cell line in BioPlex 3.0 (PMID: 33961781) should be compared directly. For comparison of HEK293T and HCT116 interaction networks with relaxed threshold = 0.1, see BioPlex Interactome (https://bioplex.hms.harvard.edu/index.php)."
3113605,3113605,27350,7508,APOBEC3C,XPC,Affinity Capture-MS,33961781,Huttlin EL (2021),High Throughput,"BioPlex 3.0 HEK 293T cells CompPASS score = 0.966458787, threshold = 0.75. Quantitative scores are calculated by CompPASS-Plus (Huttlin et al. Cell 2015, PMID: 26186194). The 0.75 threshold represents the top 2% of scores in HEK293T.|This data may be re-scored from BioPlex 1.0 (PMID: 26186194) and BioPlex 2.0 (PMID: 28514442). Only scores from within the same cell line in BioPlex 3.0 (PMID: 33961781) should be compared directly. For comparison of HEK293T and HCT116 interaction networks with relaxed threshold = 0.1, see BioPlex Interactome (https://bioplex.hms.harvard.edu/index.php)."
3116719,3116719,29935,7508,RPA4,XPC,Affinity Capture-MS,33961781,Huttlin EL (2021),High Throughput,"BioPlex 3.0 HEK 293T cells CompPASS score = 0.998033874, threshold = 0.75. Quantitative scores are calculated by CompPASS-Plus (Huttlin et al. Cell 2015, PMID: 26186194). The 0.75 threshold represents the top 2% of scores in HEK293T.|BioPlex HCT HCT116 cells CompPASS score = 0.999999843, threshold = 0.75. Quantitative scores are calculated by CompPASS-Plus (Huttlin et al. Cell 2015, PMID: 26186194). The 0.75 threshold represents the top 2% of scores in HCT116.|Only scores from within the same cell line in BioPlex HCT (PMID: 33961781) should be compared directly. For comparison of HEK293T and HCT116 interaction networks with relaxed threshold = 0.1, see BioPlex Interactome (https://bioplex.hms.harvard.edu/index.php).|This data may be re-scored from BioPlex 1.0 (PMID: 26186194) and BioPlex 2.0 (PMID: 28514442). Only scores from within the same cell line in BioPlex 3.0 (PMID: 33961781) should be compared directly. For comparison of HEK293T and HCT116 interaction networks with relaxed threshold = 0.1, see BioPlex Interactome (https://bioplex.hms.harvard.edu/index.php)."
3117142,3117142,28992,7508,MACROD1,XPC,Affinity Capture-MS,33961781,Huttlin EL (2021),High Throughput,"BioPlex 3.0 HEK 293T cells CompPASS score = 0.999339192, threshold = 0.75. Quantitative scores are calculated by CompPASS-Plus (Huttlin et al. Cell 2015, PMID: 26186194). The 0.75 threshold represents the top 2% of scores in HEK293T.|This data may be re-scored from BioPlex 1.0 (PMID: 26186194) and BioPlex 2.0 (PMID: 28514442). Only scores from within the same cell line in BioPlex 3.0 (PMID: 33961781) should be compared directly. For comparison of HEK293T and HCT116 interaction networks with relaxed threshold = 0.1, see BioPlex Interactome (https://bioplex.hms.harvard.edu/index.php)."
3119302,3119302,8344,7508,HIST1H2BE,XPC,Affinity Capture-MS,33961781,Huttlin EL (2021),High Throughput,"BioPlex 3.0 HEK 293T cells CompPASS score = 0.982042449, threshold = 0.75. Quantitative scores are calculated by CompPASS-Plus (Huttlin et al. Cell 2015, PMID: 26186194). The 0.75 threshold represents the top 2% of scores in HEK293T.|This data may be re-scored from BioPlex 1.0 (PMID: 26186194) and BioPlex 2.0 (PMID: 28514442). Only scores from within the same cell line in BioPlex 3.0 (PMID: 33961781) should be compared directly. For comparison of HEK293T and HCT116 interaction networks with relaxed threshold = 0.1, see BioPlex Interactome (https://bioplex.hms.harvard.edu/index.php)."
3122177,3122177,9557,7508,CHD1L,XPC,Affinity Capture-MS,33961781,Huttlin EL (2021),High Throughput,"BioPlex 3.0 HEK 293T cells CompPASS score = 0.998920172, threshold = 0.75. Quantitative scores are calculated by CompPASS-Plus (Huttlin et al. Cell 2015, PMID: 26186194). The 0.75 threshold represents the top 2% of scores in HEK293T.|This data may be re-scored from BioPlex 1.0 (PMID: 26186194) and BioPlex 2.0 (PMID: 28514442). Only scores from within the same cell line in BioPlex 3.0 (PMID: 33961781) should be compared directly. For comparison of HEK293T and HCT116 interaction networks with relaxed threshold = 0.1, see BioPlex Interactome (https://bioplex.hms.harvard.edu/index.php)."
3123248,3123248,8356,7508,HIST1H3J,XPC,Affinity Capture-MS,33961781,Huttlin EL (2021),High Throughput,"BioPlex 3.0 HEK 293T cells CompPASS score = 0.989605317, threshold = 0.75. Quantitative scores are calculated by CompPASS-Plus (Huttlin et al. Cell 2015, PMID: 26186194). The 0.75 threshold represents the top 2% of scores in HEK293T.|This data may be re-scored from BioPlex 1.0 (PMID: 26186194) and BioPlex 2.0 (PMID: 28514442). Only scores from within the same cell line in BioPlex 3.0 (PMID: 33961781) should be compared directly. For comparison of HEK293T and HCT116 interaction networks with relaxed threshold = 0.1, see BioPlex Interactome (https://bioplex.hms.harvard.edu/index.php)."
3124123,3124123,10921,7508,RNPS1,XPC,Affinity Capture-MS,33961781,Huttlin EL (2021),High Throughput,"BioPlex 3.0 HEK 293T cells CompPASS score = 0.962721114, threshold = 0.75. Quantitative scores are calculated by CompPASS-Plus (Huttlin et al. Cell 2015, PMID: 26186194). The 0.75 threshold represents the top 2% of scores in HEK293T.|This data may be re-scored from BioPlex 1.0 (PMID: 26186194) and BioPlex 2.0 (PMID: 28514442). Only scores from within the same cell line in BioPlex 3.0 (PMID: 33961781) should be compared directly. For comparison of HEK293T and HCT116 interaction networks with relaxed threshold = 0.1, see BioPlex Interactome (https://bioplex.hms.harvard.edu/index.php)."
3133098,3133098,2018,7508,EMX2,XPC,Affinity Capture-MS,33961781,Huttlin EL (2021),High Throughput,"BioPlex 3.0 HEK 293T cells CompPASS score = 0.994184301, threshold = 0.75. Quantitative scores are calculated by CompPASS-Plus (Huttlin et al. Cell 2015, PMID: 26186194). The 0.75 threshold represents the top 2% of scores in HEK293T.|This data may be re-scored from BioPlex 1.0 (PMID: 26186194) and BioPlex 2.0 (PMID: 28514442). Only scores from within the same cell line in BioPlex 3.0 (PMID: 33961781) should be compared directly. For comparison of HEK293T and HCT116 interaction networks with relaxed threshold = 0.1, see BioPlex Interactome (https://bioplex.hms.harvard.edu/index.php)."
3135832,3135832,8336,7508,HIST1H2AM,XPC,Affinity Capture-MS,33961781,Huttlin EL (2021),High Throughput,"BioPlex 3.0 HEK 293T cells CompPASS score = 0.999954269, threshold = 0.75. Quantitative scores are calculated by CompPASS-Plus (Huttlin et al. Cell 2015, PMID: 26186194). The 0.75 threshold represents the top 2% of scores in HEK293T.|BioPlex HCT HCT116 cells CompPASS score = 0.999997225, threshold = 0.75. Quantitative scores are calculated by CompPASS-Plus (Huttlin et al. Cell 2015, PMID: 26186194). The 0.75 threshold represents the top 2% of scores in HCT116.|Only scores from within the same cell line in BioPlex HCT (PMID: 33961781) should be compared directly. For comparison of HEK293T and HCT116 interaction networks with relaxed threshold = 0.1, see BioPlex Interactome (https://bioplex.hms.harvard.edu/index.php).|This data may be re-scored from BioPlex 1.0 (PMID: 26186194) and BioPlex 2.0 (PMID: 28514442). Only scores from within the same cell line in BioPlex 3.0 (PMID: 33961781) should be compared directly. For comparison of HEK293T and HCT116 interaction networks with relaxed threshold = 0.1, see BioPlex Interactome (https://bioplex.hms.harvard.edu/index.php)."
3137113,3137113,8350,7508,HIST1H3A,XPC,Affinity Capture-MS,33961781,Huttlin EL (2021),High Throughput,"BioPlex 3.0 HEK 293T cells CompPASS score = 0.979968459, threshold = 0.75. Quantitative scores are calculated by CompPASS-Plus (Huttlin et al. Cell 2015, PMID: 26186194). The 0.75 threshold represents the top 2% of scores in HEK293T.|This data may be re-scored from BioPlex 1.0 (PMID: 26186194) and BioPlex 2.0 (PMID: 28514442). Only scores from within the same cell line in BioPlex 3.0 (PMID: 33961781) should be compared directly. For comparison of HEK293T and HCT116 interaction networks with relaxed threshold = 0.1, see BioPlex Interactome (https://bioplex.hms.harvard.edu/index.php)."
3138067,3138067,3159,7508,HMGA1,XPC,Affinity Capture-MS,33961781,Huttlin EL (2021),High Throughput,"BioPlex 3.0 HEK 293T cells CompPASS score = 0.920478232, threshold = 0.75. Quantitative scores are calculated by CompPASS-Plus (Huttlin et al. Cell 2015, PMID: 26186194). The 0.75 threshold represents the top 2% of scores in HEK293T.|This data may be re-scored from BioPlex 1.0 (PMID: 26186194) and BioPlex 2.0 (PMID: 28514442). Only scores from within the same cell line in BioPlex 3.0 (PMID: 33961781) should be compared directly. For comparison of HEK293T and HCT116 interaction networks with relaxed threshold = 0.1, see BioPlex Interactome (https://bioplex.hms.harvard.edu/index.php)."
3138111,3138111,5423,7508,POLB,XPC,Affinity Capture-MS,33961781,Huttlin EL (2021),High Throughput,"BioPlex 3.0 HEK 293T cells CompPASS score = 0.989727692, threshold = 0.75. Quantitative scores are calculated by CompPASS-Plus (Huttlin et al. Cell 2015, PMID: 26186194). The 0.75 threshold represents the top 2% of scores in HEK293T.|This data may be re-scored from BioPlex 1.0 (PMID: 26186194) and BioPlex 2.0 (PMID: 28514442). Only scores from within the same cell line in BioPlex 3.0 (PMID: 33961781) should be compared directly. For comparison of HEK293T and HCT116 interaction networks with relaxed threshold = 0.1, see BioPlex Interactome (https://bioplex.hms.harvard.edu/index.php)."
3141116,3141116,8354,7508,HIST1H3I,XPC,Affinity Capture-MS,33961781,Huttlin EL (2021),High Throughput,"BioPlex 3.0 HEK 293T cells CompPASS score = 0.999037291, threshold = 0.75. Quantitative scores are calculated by CompPASS-Plus (Huttlin et al. Cell 2015, PMID: 26186194). The 0.75 threshold represents the top 2% of scores in HEK293T.|This data may be re-scored from BioPlex 1.0 (PMID: 26186194) and BioPlex 2.0 (PMID: 28514442). Only scores from within the same cell line in BioPlex 3.0 (PMID: 33961781) should be compared directly. For comparison of HEK293T and HCT116 interaction networks with relaxed threshold = 0.1, see BioPlex Interactome (https://bioplex.hms.harvard.edu/index.php)."
3142163,3142163,8339,7508,HIST1H2BG,XPC,Affinity Capture-MS,33961781,Huttlin EL (2021),High Throughput,"BioPlex 3.0 HEK 293T cells CompPASS score = 0.997196175, threshold = 0.75. Quantitative scores are calculated by CompPASS-Plus (Huttlin et al. Cell 2015, PMID: 26186194). The 0.75 threshold represents the top 2% of scores in HEK293T.|This data may be re-scored from BioPlex 1.0 (PMID: 26186194) and BioPlex 2.0 (PMID: 28514442). Only scores from within the same cell line in BioPlex 3.0 (PMID: 33961781) should be compared directly. For comparison of HEK293T and HCT116 interaction networks with relaxed threshold = 0.1, see BioPlex Interactome (https://bioplex.hms.harvard.edu/index.php)."
3163714,3163714,79661,7508,NEIL1,XPC,Affinity Capture-MS,33961781,Huttlin EL (2021),High Throughput,"BioPlex HCT HCT116 cells CompPASS score = 0.99999768, threshold = 0.75. Quantitative scores are calculated by CompPASS-Plus (Huttlin et al. Cell 2015, PMID: 26186194). The 0.75 threshold represents the top 2% of scores in HCT116.|Only scores from within the same cell line in BioPlex HCT (PMID: 33961781) should be compared directly. For comparison of HEK293T and HCT116 interaction networks with relaxed threshold = 0.1, see BioPlex Interactome (https://bioplex.hms.harvard.edu/index.php)."
3166588,3166588,10473,7508,HMGN4,XPC,Affinity Capture-MS,33961781,Huttlin EL (2021),High Throughput,"BioPlex HCT HCT116 cells CompPASS score = 0.999999838, threshold = 0.75. Quantitative scores are calculated by CompPASS-Plus (Huttlin et al. Cell 2015, PMID: 26186194). The 0.75 threshold represents the top 2% of scores in HCT116.|Only scores from within the same cell line in BioPlex HCT (PMID: 33961781) should be compared directly. For comparison of HEK293T and HCT116 interaction networks with relaxed threshold = 0.1, see BioPlex Interactome (https://bioplex.hms.harvard.edu/index.php)."
3166853,3166853,23144,7508,ZC3H3,XPC,Affinity Capture-MS,33961781,Huttlin EL (2021),High Throughput,"BioPlex HCT HCT116 cells CompPASS score = 0.999998213, threshold = 0.75. Quantitative scores are calculated by CompPASS-Plus (Huttlin et al. Cell 2015, PMID: 26186194). The 0.75 threshold represents the top 2% of scores in HCT116.|Only scores from within the same cell line in BioPlex HCT (PMID: 33961781) should be compared directly. For comparison of HEK293T and HCT116 interaction networks with relaxed threshold = 0.1, see BioPlex Interactome (https://bioplex.hms.harvard.edu/index.php)."
3312897,3312897,4221,7508,MEN1,XPC,Affinity Capture-MS,23508102,van Nuland R (2013),High Throughput,-
3341475,3341475,64925,7508,CCDC71,XPC,Proximity Label-MS,34780483,Scott WA (2021),High Throughput,-
3351210,3351210,8317,7508,CDC7,XPC,Affinity Capture-MS,35271311,Cho NH (2022),High Throughput,Bait generated from library of CRISPR-edited human embryonic kidney (HEK) 293T cell lines harboring fluorescent tags on individual proteins
3351257,3351257,1022,7508,CDK7,XPC,Affinity Capture-MS,35271311,Cho NH (2022),High Throughput,Bait generated from library of CRISPR-edited human embryonic kidney (HEK) 293T cell lines harboring fluorescent tags on individual proteins
3351326,3351326,1069,7508,CETN2,XPC,Affinity Capture-MS,35271311,Cho NH (2022),High Throughput,Bait generated from library of CRISPR-edited human embryonic kidney (HEK) 293T cell lines harboring fluorescent tags on individual proteins
3353241,3353241,1460,7508,CSNK2B,XPC,Affinity Capture-MS,35271311,Cho NH (2022),High Throughput,Bait generated from library of CRISPR-edited human embryonic kidney (HEK) 293T cell lines harboring fluorescent tags on individual proteins
3357841,3357841,8349,7508,HIST2H2BE,XPC,Affinity Capture-MS,35271311,Cho NH (2022),High Throughput,Bait generated from library of CRISPR-edited human embryonic kidney (HEK) 293T cell lines harboring fluorescent tags on individual proteins
3358201,3358201,79366,7508,HMGN5,XPC,Affinity Capture-MS,35271311,Cho NH (2022),High Throughput,Bait generated from library of CRISPR-edited human embryonic kidney (HEK) 293T cell lines harboring fluorescent tags on individual proteins
3362360,3362360,142,7508,PARP1,XPC,Affinity Capture-MS,35271311,Cho NH (2022),High Throughput,Bait generated from library of CRISPR-edited human embryonic kidney (HEK) 293T cell lines harboring fluorescent tags on individual proteins
3372362,3372362,6749,7508,SSRP1,XPC,Affinity Capture-MS,35271311,Cho NH (2022),High Throughput,Bait generated from library of CRISPR-edited human embryonic kidney (HEK) 293T cell lines harboring fluorescent tags on individual proteins
3432741,3432741,8615,7508,USO1,XPC,Co-fractionation,35831314,Havugimana PC (2022),High Throughput,"High confidence interactions were identified as having an EPIC score >=0.625 in applicable cell lines (MCF7, MDA231 or MCF10A)|MDA231 cell line (score 0.674)"
3438318,3438318,7184,7508,HSP90B1,XPC,Co-fractionation,35831314,Havugimana PC (2022),High Throughput,"High confidence interactions were identified as having an EPIC score >=0.625 in applicable cell lines (MCF7, MDA231 or MCF10A)|MDA231 cell line (score 0.657)"
3442772,3442772,4628,7508,MYH10,XPC,Co-fractionation,35831314,Havugimana PC (2022),High Throughput,"High confidence interactions were identified as having an EPIC score >=0.625 in applicable cell lines (MCF7, MDA231 or MCF10A)|MDA231 cell line (score 0.625)"
3443398,3443398,1069,7508,CETN2,XPC,Co-fractionation,35831314,Havugimana PC (2022),High Throughput,"High confidence interactions were identified as having an EPIC score >=0.625 in applicable cell lines (MCF7, MDA231 or MCF10A)|MCF10A cell line (score 0.746)|MCF7 cell line (score 0.756)|MDA231 cell line (score 0.679)"
3448469,3448469,7508,4899,XPC,NRF1,Co-fractionation,35831314,Havugimana PC (2022),High Throughput,"High confidence interactions were identified as having an EPIC score >=0.625 in applicable cell lines (MCF7, MDA231 or MCF10A)|MCF7 cell line (score 0.627)"
3448470,3448470,7508,79142,XPC,PHF23,Co-fractionation,35831314,Havugimana PC (2022),High Throughput,"High confidence interactions were identified as having an EPIC score >=0.625 in applicable cell lines (MCF7, MDA231 or MCF10A)|MDA231 cell line (score 0.668)"
3448471,3448471,7508,51534,XPC,VTA1,Co-fractionation,35831314,Havugimana PC (2022),High Throughput,"High confidence interactions were identified as having an EPIC score >=0.625 in applicable cell lines (MCF7, MDA231 or MCF10A)|MDA231 cell line (score 0.688)"
3448472,3448472,7508,28988,XPC,DBNL,Co-fractionation,35831314,Havugimana PC (2022),High Throughput,"High confidence interactions were identified as having an EPIC score >=0.625 in applicable cell lines (MCF7, MDA231 or MCF10A)|MDA231 cell line (score 0.741)"
3448473,3448473,7508,9126,XPC,SMC3,Co-fractionation,35831314,Havugimana PC (2022),High Throughput,"High confidence interactions were identified as having an EPIC score >=0.625 in applicable cell lines (MCF7, MDA231 or MCF10A)|MDA231 cell line (score 0.661)"
3448474,3448474,7508,9958,XPC,USP15,Co-fractionation,35831314,Havugimana PC (2022),High Throughput,"High confidence interactions were identified as having an EPIC score >=0.625 in applicable cell lines (MCF7, MDA231 or MCF10A)|MDA231 cell line (score 0.63)"
